조합,IS_C_mean%,IS_C_win,IS_dir,OOS_C_n,OOS_C_mean%,OOS_best_win,OOS_C_win,win_delta,OOS_p,판정
고배당+저PER,3.335035361436969,0.6149747616376893,✓,5713,6.266328452114759,0.6272251308900524,0.719061788902503,0.09183665801245067,0.0,✅ PASS
저PBR+배당성장,3.5293722392366176,0.617716498252904,✓,11737,4.977139991852185,0.5784652961530633,0.6390900570844339,0.06062476093137059,0.0,✅ PASS
고배당+EPS가속,3.849602736488325,0.6905759975159137,✓,7529,5.049857302974141,0.631387403446227,0.6894673927480409,0.058079989301813906,0.0,✅ PASS
저PER+저PBR,2.9281728527866,0.573429161911225,✓,12160,3.9616253613313708,0.5601251855715604,0.6130756578947368,0.0529504723231764,0.0,✅ PASS
고배당+배당성장,4.020661553447991,0.6637136358194661,✓,11577,4.932479779527533,0.6236193712829227,0.6754772393538914,0.051857868070968705,0.0,✅ PASS
고배당+저PBR,3.3573945244367938,0.6204083808711415,✓,6156,5.131085975617248,0.6373256049066522,0.6881091617933723,0.050783556886720094,0.0,✅ PASS
저PER+배당성장,3.385368059251851,0.6174420002404135,✗,12541,4.10250995548291,0.5817331324823595,0.6187704329798261,0.037037300497466674,0.0854,⚠️ 방향O/유의성X
저PBR+EPS가속,3.879435526219736,0.6042471042471043,✓,16376,5.24106636944708,0.5665716907326025,0.5912921348314607,0.024720444098858207,0.0,⚠️ 방향O/유의성X
배당성장+EPS가속,3.8828688132773967,0.6125756266205704,✓,40881,5.187567977693271,0.5760691144708423,0.597906117756415,0.021837003285572698,0.0,⚠️ 방향O/유의성X
저PBR+BPS성장상위,3.0890118409485714,0.5591225254146602,✓,6985,4.578751905980056,0.5743571001395441,0.5909806728704367,0.016623572730892544,0.0049,⚠️ 방향O/유의성X
저PBR+ROE상위,3.016252038003755,0.5629308646838684,✓,3131,2.9469707151864,0.5766081526861452,0.5870328968380709,0.010424744151925736,0.8079,⚠️ 방향O/유의성X
EPS가속+BPS성장상위,3.4151809244905706,0.535131459655485,✓,44000,4.167920535694037,0.5188364190297633,0.5282272727272728,0.009390853697509471,0.0022,⚠️ 방향O/유의성X
저PBR+EPS성장상위,3.0265199454215157,0.5508379888268157,✓,6571,5.467875845260557,0.5761339800734138,0.5837772028610562,0.007643222787642401,0.0005,⚠️ 방향O/유의성X
ROE상위+BPS성장상위,3.0158226291441883,0.5293294460641399,✓,43342,4.450486677359298,0.5396579804560261,0.5439988925291864,0.004340912073160341,0.0,⚠️ 방향O/유의성X
EPS성장상위+BPS성장상위,2.525132281021292,0.5045363069512718,✓,26966,4.440988444203754,0.5227281610318546,0.5267744567232812,0.00404629569142656,0.0481,⚠️ 방향O/유의성X
배당성장+BPS성장상위,2.9485374603966097,0.5466185752930568,✗,21685,5.674533027723929,0.5869698262272584,0.5901314272538621,0.0031616010266037886,0.0,⚠️ 방향O/유의성X
EPS성장상위+EPS가속,2.722165662693869,0.527462626801922,✓,63997,3.828244231075098,0.5086723299451066,0.5107426910636436,0.0020703611185369786,0.0,⚠️ 방향O/유의성X
고배당+BPS성장상위,2.1622386831892637,0.5560405027932961,✗,3349,5.435899060236928,0.6523464067104965,0.6515377724693938,-0.0008086342411026681,0.0484,❌
EPS가속+ROE상위,3.6749972478681183,0.5722867033190796,✓,41531,4.030559360590452,0.5427802644174795,0.5412824155450146,-0.0014978488724649575,0.3044,❌
배당성장+ROE상위,3.6196568340453004,0.579628640547928,✓,30190,5.245108005042654,0.5898802184252246,0.5848625372639947,-0.005017681161229914,0.1995,❌
저PER+EPS가속,3.036362580489493,0.5981605942695437,✓,16683,4.046624983424727,0.5855228237791932,0.5687226518012348,-0.016800171977958356,0.9884,❌
배당성장+EPS성장상위,2.7859842926653586,0.5374977301616125,✗,18493,5.814327568886464,0.5929473149720729,0.5722165143567837,-0.020730800615289202,0.3847,❌
고배당+EPS성장상위,2.035841602726446,0.5646279949558638,✗,1439,4.725698370377167,0.6537792778971054,0.6309937456567061,-0.022785532240399364,0.9705,❌
고배당+ROE상위,3.2046904736865547,0.6081081081081081,✓,6742,4.366608429968402,0.6601641990035787,0.6354197567487393,-0.024744442254839405,1.0,❌
EPS성장상위+ROE상위,2.878895499069888,0.5115807662911641,✓,24893,4.316312439527409,0.5504169002875798,0.5233198087815852,-0.027097091505994597,1.0,❌
저PER+BPS성장상위,2.609618060245578,0.547656527700198,✗,13350,3.810915373652849,0.5897310513447432,0.5587265917602996,-0.031004459584443644,1.0,❌
저PER+ROE상위,2.68660142199594,0.5430408195264725,✗,17710,3.316859147185221,0.6116055535777857,0.5490118577075099,-0.06259369587027575,1.0,❌
저PER+EPS성장상위,2.417699352814003,0.53596771949353,✗,9762,3.505055099237237,0.6037830218705952,0.5156730178242164,-0.08811000404637881,1.0,❌
고배당+거래대금10억+,3.099315101806496,0.6127920490522182,✓,20993,4.549908539858469,,0.652217405801934,,,❌
저PER+거래대금10억+,2.7355260832373722,0.5561924438453495,✓,31755,3.8772285889372364,,0.5766965832152416,,,❌
저PBR+거래대금10억+,2.9093559260609343,0.5630261155332875,✓,37083,4.6772951621825385,,0.5774883369738155,,,❌
배당성장+거래대금10억+,3.4446778559196845,0.580273421574756,✓,75606,5.028179185125406,,0.5878766235483956,,,❌
EPS성장상위+거래대금10억+,2.2293266412463004,0.5013888217960485,✓,71332,3.8939582078502575,,0.5098413054449615,,,❌
EPS가속+거래대금10억+,2.6381459499919413,0.5336599972778004,✓,159819,3.5755032704267387,,0.5095013734286912,,,❌
ROE상위+거래대금10억+,2.6258354338611234,0.5261993678015744,✓,80182,4.0156692795018945,,0.5420044398992293,,,❌
BPS성장상위+거래대금10억+,2.2307043286363974,0.5038759689922481,✓,78136,4.09891188240759,,0.5241246032558615,,,❌
