지표,IS_평균%,IS_승률,IS_n,IS_p,OOS_평균%,OOS_승률,OOS_n,OOS_p,IS_FDR,OOS_FDR,부호일치,IS_Bonf,OOS_Bonf,판정
pre_1,1.193119312098519,0.5684709941772698,4637,0.007549046159599617,-1.2831401866884582,0.2736426456071076,5065,6.190744990190245e-137,True,True,False,False,True,❌ 무의미
pre_3,0.8246927520771358,0.46353042727665084,4634,0.06762885042895829,-1.8319645441148908,0.24338206242591862,5062,5.4195280570636384e-111,False,True,False,False,True,❌ 무의미
pre_5,-0.18193647723449108,0.36414686825053993,4630,0.6885894551546825,-3.434399306438405,0.2069578968175529,5059,1.0349589891531507e-194,False,True,True,False,True,❌ 무의미
pre_10,-0.310316301594831,0.3549362713329013,4629,0.5034269856515398,-0.4175842150340653,0.3993667128438551,5053,0.010863873398227591,False,True,True,False,False,❌ 무의미
pre_15,0.2532227999166197,0.38607868568958065,4626,0.6294075995223425,0.13540420356548824,0.39714907939021976,5051,0.5419763202728831,False,False,True,False,False,❌ 무의미
pre_20,1.7281672334146074,0.4463435742102986,4622,0.0012155975059301655,-1.573679176773718,0.33359730746386856,5051,1.2065313450827832e-07,True,True,False,True,True,❌ 무의미
post_5,0.9579102328524415,0.5329883570504528,4638,1.7352591910159814e-21,-2.4487117942420005,0.32833168805528135,5065,1.7601656653030762e-64,True,True,False,True,True,❌ 무의미
post_10,2.254220280897603,0.573738680465718,4638,1.9108109901631126e-58,-4.029170696264385,0.3052319842053307,5065,4.038981312621465e-83,True,True,False,True,True,❌ 무의미
post_20,2.4228048441397303,0.517464424320828,4638,7.221314335185249e-25,-6.455876941202873,0.26771964461994074,5065,1.3051259717577263e-115,True,True,False,True,True,❌ 무의미
post_60,0.611950323690406,0.3585597240189737,4638,0.18065571453634066,-6.657369101920504,0.2756169792694965,5065,1.2317269555318813e-35,False,True,False,False,True,❌ 무의미
combo_5_5,0.7897507617475232,0.4306695464362851,4630,0.09411889565884682,-6.098163494459757,0.24115437833563946,5059,1.4484953922504903e-186,False,True,False,False,True,❌ 무의미
combo_5_10,2.0402598386652095,0.5071274298056155,4630,5.3964924572386236e-06,-7.761628919621755,0.24056137576596165,5059,4.0530766888679665e-183,True,True,False,True,True,❌ 무의미
combo_5_20,2.207395676752664,0.47019438444924405,4630,1.9501647343412337e-06,-10.329554000769756,0.23127100217434277,5059,6.556499183581143e-203,True,True,False,True,True,❌ 무의미
combo_10_5,0.6787343300680737,0.3977100885720458,4629,0.15855773031573367,-2.827547341262797,0.35285968731446665,5053,1.141998727874455e-28,False,True,False,False,True,❌ 무의미
combo_10_10,1.8887478117680292,0.4733203715705336,4629,3.3468621422129926e-05,-4.454906096162973,0.32891351672273894,5053,5.844695359434959e-49,True,True,False,True,True,❌ 무의미
combo_10_20,2.0987387711141077,0.4363793475912724,4629,1.08837850366546e-05,-6.957370974151641,0.3156540668909559,5053,7.561544825214217e-83,True,True,False,True,True,❌ 무의미
combo_15_5,1.276187169418839,0.41245136186770426,4626,0.019053131367117483,-2.239660109381509,0.3492377746980796,5051,7.66237473026268e-13,True,True,False,False,True,❌ 무의미
combo_15_10,2.48110095739556,0.47686986597492437,4626,1.1834104668137827e-06,-3.8994253148951468,0.3397347059988121,5051,3.2351105878766386e-28,True,True,False,True,True,❌ 무의미
combo_15_20,2.729940326617214,0.4427150886294855,4626,2.7540493203000597e-07,-6.471831310197189,0.3145911700653336,5051,3.9679125981746145e-56,True,True,False,True,True,❌ 무의미
combo_20_5,2.7438574714535053,0.4850713976633492,4622,8.971203783167752e-07,-4.181806392189335,0.3136012670758266,5051,3.033490868970085e-28,True,True,False,True,True,❌ 무의미
combo_20_10,3.933140166009806,0.5469493725659887,4622,3.820096719896898e-14,-5.933429596802134,0.30231637299544645,5051,7.911551257783434e-45,True,True,False,True,True,❌ 무의미
combo_20_20,4.215857740006011,0.51427953266984,4622,5.912118285224691e-15,-8.66348852670919,0.2973668580479113,5051,7.583982346816191e-79,True,True,False,True,True,❌ 무의미
combo_5_5_div,1.673273009840342,0.5902236089443578,1923,5.831429373732304e-24,-4.910234844383152,0.32273838630806845,2045,1.3001463062429065e-76,True,True,False,True,True,❌ 무의미
combo_5_10_div,2.7132959923443742,0.6157046281851274,1923,3.621095261884254e-40,-6.330640114966337,0.297799511002445,2045,5.796069402547946e-78,True,True,False,True,True,❌ 무의미
combo_5_20_div,2.893238728758411,0.5673426937077483,1923,3.852114600232402e-24,-8.895047442174512,0.28117359413202936,2045,3.256711877244919e-87,True,True,False,True,True,❌ 무의미
combo_10_5_div,1.6266179044680942,0.5408216328653146,1923,4.426600939787808e-15,-1.8085100340127767,0.42829172785119923,2043,4.66606673698106e-10,True,True,False,True,True,❌ 무의미
combo_10_10_div,2.6367462752692643,0.6105044201768071,1923,4.2578664997242025e-32,-3.1753686668533976,0.4057758198727362,2043,5.126316604322851e-19,True,True,False,True,True,❌ 무의미
combo_10_20_div,2.8391487646087965,0.5351014040561622,1923,6.5743558648012e-21,-5.671481076742337,0.3690651003426334,2043,3.992009205522359e-36,True,True,False,True,True,❌ 무의미
combo_15_5_div,1.877678429805549,0.5275754422476587,1922,3.1855455207255956e-14,-1.1500170036729924,0.4287812041116006,2043,0.0020118052030090286,True,True,False,True,False,❌ 무의미
combo_15_10_div,2.9012464808327296,0.5978147762747138,1922,1.330766072198728e-29,-2.5384576325116908,0.4043073910915321,2043,3.830313115055034e-09,True,True,False,True,True,❌ 무의미
combo_15_20_div,3.1601975069777084,0.5411030176899063,1922,1.9453562201027463e-20,-5.079173376841816,0.37493881546744984,2043,3.9018871490502627e-22,True,True,False,True,True,❌ 무의미
combo_20_5_div,3.1980344445268045,0.5967741935483871,1922,5.1004918900733126e-33,-2.963863223362689,0.38130200685266763,2043,1.992290600694512e-13,True,True,False,True,True,❌ 무의미
combo_20_10_div,4.235938238036423,0.6659729448491155,1922,5.6471523508795256e-55,-4.408350418552108,0.3602545276554087,2043,5.477424580176277e-21,True,True,False,True,True,❌ 무의미
combo_20_20_div,4.529446938713131,0.6170655567117586,1922,3.112348616411917e-39,-7.093841127718463,0.3475281448849731,2043,2.0650443839787676e-36,True,True,False,True,True,❌ 무의미
