전략,IS_평균%,IS_승률,IS_n,IS_p,OOS_평균%,OOS_승률,OOS_n,OOS_p,IS_FDR,OOS_FDR,부호일치,IS_Bonf,OOS_Bonf,판정
buy0_sell5,-5.273323192626795,0.3019193444037093,4637,3.489221995496888e-10,-39.02978390481481,0.1387122416534181,2516,2.9933790910621404e-108,True,True,True,True,True,✅ 진짜(Bonferroni)
buy0_sell10,-6.420593726859766,0.2932930774207462,4637,1.3148384033551479e-14,-43.205116727467804,0.14109697933227344,2516,1.8544363572341245e-130,True,True,True,True,True,✅ 진짜(Bonferroni)
buy0_sell20,-6.9549079253877295,0.2788440802242829,4637,1.0910421768962088e-17,-38.70985455538832,0.14666136724960255,2516,4.124184129559e-135,True,True,True,True,True,✅ 진짜(Bonferroni)
buy0_sell30,-6.09509516002171,0.2840198404140608,4637,2.4077190974616666e-14,-42.19712830630947,0.1359300476947536,2516,5.082736373904358e-162,True,True,True,True,True,✅ 진짜(Bonferroni)
buy5_sell5,-5.909073311723303,0.2978218675868018,4637,1.4982935391929078e-12,-40.129149038919,0.1379173290937997,2516,2.1733828548518626e-133,True,True,True,True,True,✅ 진짜(Bonferroni)
buy5_sell10,-7.071607726236133,0.2870390338580979,4637,1.452006005965598e-17,-44.25124692993398,0.1359300476947536,2516,8.710930057869889e-160,True,True,True,True,True,✅ 진짜(Bonferroni)
buy5_sell20,-7.592103766263487,0.2801380202717274,4637,7.558300839159792e-21,-39.79194721742019,0.13950715421303655,2516,3.789907408402868e-169,True,True,True,True,True,✅ 진짜(Bonferroni)
buy5_sell30,-6.704529492782712,0.28186327366832004,4637,4.8758559255312486e-17,-43.13255542702332,0.12837837837837837,2516,6.428704220439855e-200,True,True,True,True,True,✅ 진짜(Bonferroni)
buy10_sell5,-7.117970058524868,0.2822945870174682,4637,1.0996643562681422e-18,-40.050529735987986,0.1387122416534181,2516,3.611069434566278e-136,True,True,True,True,True,✅ 진짜(Bonferroni)
buy10_sell10,-8.30243800605214,0.273452663359931,4637,3.5583592347047836e-25,-44.175739683532846,0.1359300476947536,2516,1.682109310424737e-163,True,True,True,True,True,✅ 진짜(Bonferroni)
buy10_sell20,-8.822185974131495,0.267845589821005,4637,1.7913831853442564e-29,-39.65420809454602,0.1387122416534181,2516,4.638406825444005e-169,True,True,True,True,True,✅ 진짜(Bonferroni)
buy10_sell30,-7.909107793869693,0.2730213500107828,4637,9.039778186300741e-25,-42.97932398116214,0.12758346581875993,2516,1.9329646651417407e-199,True,True,True,True,True,✅ 진짜(Bonferroni)
buy20_sell5,-7.198339325592952,0.2885486305801164,4637,9.148010648006651e-21,-39.32045654797839,0.140302066772655,2516,6.296556266300585e-134,True,True,True,True,True,✅ 진짜(Bonferroni)
buy20_sell10,-8.392610869779697,0.2756092301056718,4637,1.1278896946934489e-27,-43.53437675400732,0.13672496025437203,2516,3.3126358747040523e-164,True,True,True,True,True,✅ 진짜(Bonferroni)
buy20_sell20,-8.874431098957434,0.2639637696786716,4637,1.6614392631996123e-32,-38.92695364871888,0.13990461049284578,2516,4.712319420094877e-170,True,True,True,True,True,✅ 진짜(Bonferroni)
buy20_sell30,-7.90348836359637,0.2859607504852275,4637,1.6424474583883318e-26,-42.2453827561245,0.12639109697933226,2516,4.212745287387159e-199,True,True,True,True,True,✅ 진짜(Bonferroni)
fullhold,-6.643709758356089,0.2833728703903386,4637,3.471382013940011e-14,-46.60324129546608,0.13116057233704292,2516,6.086090428784381e-127,,,True,True,True,(벤치마크)
