symbol,biz_year,K_cumulative,correction_factor,source,n_events,ratio_empirical,matched_multiple_empirical
035420,2021,1.5,0.666667,empirical_fallback,0,1.3501,1.5
005387,2023,1.5,0.666667,empirical_fallback,0,1.3795,1.5
005389,2023,1.5,0.666667,empirical_fallback,0,1.4003,1.5
005385,2023,1.5,0.666667,empirical_fallback,0,1.388,1.5
005387,2025,1.5,0.666667,empirical_fallback,0,1.358,1.5
005389,2025,1.5,0.666667,empirical_fallback,0,1.4077,1.5
005385,2025,1.5,0.666667,empirical_fallback,0,1.4008,1.5
006800,2025,3.33,0.3003,empirical_fallback,0,3.2259,3.33
042700,2021,2.0,0.5,empirical_fallback,0,1.8649,2.0
042700,2025,1.5,0.666667,empirical_fallback,0,1.5699,1.5
272210,2025,2.0,0.5,empirical_fallback,0,1.9148,2.0
000720,2024,1.5,0.666667,empirical_fallback,0,1.3895,1.5
000720,2025,1.5,0.666667,empirical_fallback,0,1.4265,1.5
086280,2021,2.0,0.5,empirical_fallback,0,2.0555,2.0
086280,2022,2.0,0.5,empirical_fallback,0,2.112,2.0
086280,2025,1.5,0.666667,empirical_fallback,0,1.3963,1.5
005940,2025,1.5,0.666667,empirical_fallback,0,1.4704,1.5
000880,2025,1.5,0.666667,empirical_fallback,0,1.4978,1.5
180640,2025,1.5,0.666667,empirical_fallback,0,1.4516,1.5
247540,2021,4.0,0.25,empirical_fallback,0,4.1306,4.0
247540,2025,1.5,0.666667,empirical_fallback,0,1.3643,1.5
086520,2022,6.0,0.166667,empirical_fallback,0,6.1854,6.0
086520,2021,5.0,0.2,empirical_fallback,0,4.8008,5.0
058470,2021,5.0,0.2,empirical_fallback,0,4.997,5.0
058470,2022,5.0,0.2,empirical_fallback,0,5.2082,5.0
058470,2023,5.0,0.2,empirical_fallback,0,4.9992,5.0
058470,2024,5.0,0.2,empirical_fallback,0,5.0778,5.0
039030,2024,1.5,0.666667,empirical_fallback,0,1.5617,1.5
214370,2022,5.0,0.2,empirical_fallback,0,4.9234,5.0
403870,2022,4.0,0.25,empirical_fallback,0,4.0053,4.0
319660,2021,2.0,0.5,empirical_fallback,0,1.926,2.0
098460,2024,2.5,0.4,empirical_fallback,0,2.4661,2.5
098460,2025,1.5,0.666667,empirical_fallback,0,1.5284,1.5
082920,2021,2.0,0.5,empirical_fallback,0,1.883,2.0
082920,2023,2.0,0.5,empirical_fallback,0,2.0286,2.0
082920,2022,2.0,0.5,empirical_fallback,0,2.0723,2.0
082920,2024,2.0,0.5,empirical_fallback,0,1.9591,2.0
131970,2023,0.6666666666666666,1.5,empirical_fallback,0,0.6826,0.6666666666666666
417200,2023,0.5,2.0,empirical_fallback,0,0.4961,0.5
417200,2025,2.0,0.5,empirical_fallback,0,1.8062,2.0
189300,2022,1.5,0.666667,empirical_fallback,0,1.5191,1.5
189300,2023,1.5,0.666667,empirical_fallback,0,1.3793,1.5
189300,2024,2.5,0.4,empirical_fallback,0,2.6667,2.5
003380,2025,1.5,0.666667,empirical_fallback,0,1.6127,1.5
004800,2021,1.5,0.666667,empirical_fallback,0,1.3922,1.5
004800,2022,1.5,0.666667,empirical_fallback,0,1.4756,1.5
004800,2023,1.5,0.666667,empirical_fallback,0,1.3983,1.5
001460,2021,10.0,0.1,empirical_fallback,0,10.4051,10.0
001460,2022,10.0,0.1,empirical_fallback,0,9.996,10.0
001460,2023,10.0,0.1,empirical_fallback,0,9.907,10.0
003540,2025,1.5,0.666667,empirical_fallback,0,1.4572,1.5
022100,2023,0.6666666666666666,1.5,empirical_fallback,0,0.6739,0.6666666666666666
183190,2021,10.0,0.1,dart_document,1,10.0232,10.0
000227,2022,0.5,2.0,empirical_fallback,0,0.5221,0.5
000227,2024,0.5,2.0,empirical_fallback,0,0.4818,0.5
003200,2021,10.0,0.1,empirical_fallback,0,9.8377,10.0
000227,2025,0.5,2.0,empirical_fallback,0,0.4659,0.5
003200,2022,10.0,0.1,empirical_fallback,0,10.4395,10.0
001527,2021,0.5,2.0,empirical_fallback,0,0.4953,0.5
001527,2022,0.5,2.0,empirical_fallback,0,0.5139,0.5
001527,2023,0.5,2.0,empirical_fallback,0,0.4869,0.5
009290,2025,1.5,0.666667,empirical_fallback,0,1.5513,1.5
012200,2021,1.5,0.666667,empirical_fallback,0,1.5821,1.5
012200,2022,1.5,0.666667,empirical_fallback,0,1.3988,1.5
036580,2025,1.5,0.666667,empirical_fallback,0,1.4912,1.5
077500,2021,2.0,0.5,empirical_fallback,0,1.8434,2.0
077500,2022,2.0,0.5,empirical_fallback,0,2.0809,2.0
024720,2021,2.0,0.5,empirical_fallback,0,1.9168,2.0
024720,2022,2.0,0.5,empirical_fallback,0,2.0037,2.0
010640,2021,1.5,0.666667,empirical_fallback,0,1.591,1.5
010640,2022,1.5,0.666667,empirical_fallback,0,1.6084,1.5
014820,2025,2.5,0.4,empirical_fallback,0,2.3952,2.5
000990,2025,1.5,0.666667,empirical_fallback,0,1.3616,1.5
035510,2021,10.0,0.1,dart_document,1,9.688,10.0
210980,2022,2.0,0.5,empirical_fallback,0,2.0056,2.0
210980,2023,1.5,0.666667,empirical_fallback,0,1.5336,1.5
001067,2022,0.5,2.0,empirical_fallback,0,0.5264,0.5
001067,2023,0.5,2.0,empirical_fallback,0,0.5264,0.5
001067,2024,0.5,2.0,empirical_fallback,0,0.4891,0.5
085310,2024,0.1,10.0,empirical_fallback,0,0.1,0.1
085310,2025,0.1,10.0,empirical_fallback,0,0.1045,0.1
010100,2023,0.6666666666666666,1.5,empirical_fallback,0,0.6708,0.6666666666666666
010100,2024,1.5,0.666667,empirical_fallback,0,1.6318,1.5
000070,2021,1.5,0.666667,empirical_fallback,0,1.526,1.5
000070,2022,1.5,0.666667,empirical_fallback,0,1.527,1.5
000070,2023,1.5,0.666667,empirical_fallback,0,1.5203,1.5
000070,2024,1.5,0.666667,empirical_fallback,0,1.5399,1.5
120110,2025,1.5,0.666667,empirical_fallback,0,1.3803,1.5
111380,2025,2.0,0.5,empirical_fallback,0,1.9049,2.0
003240,2025,1.5,0.666667,empirical_fallback,0,1.5311,1.5
003460,2025,1.5,0.666667,empirical_fallback,0,1.373,1.5
092780,2025,1.5,0.666667,empirical_fallback,0,1.4174,1.5
009410,2021,0.5,2.0,empirical_fallback,0,0.4965,0.5
009410,2022,0.5,2.0,empirical_fallback,0,0.5197,0.5
134380,2021,10.0,0.1,empirical_fallback,0,10.1611,10.0
134380,2022,10.0,0.1,empirical_fallback,0,9.9427,10.0
134380,2023,10.0,0.1,empirical_fallback,0,9.8512,10.0
134380,2024,10.0,0.1,empirical_fallback,0,10.0917,10.0
134380,2025,10.0,0.1,empirical_fallback,0,10.1983,10.0
007810,2025,0.6666666666666666,1.5,empirical_fallback,0,0.6901,0.6666666666666666
006220,2023,1.5,0.666667,empirical_fallback,0,1.5037,1.5
031430,2021,5.0,0.2,dart_document,1,5.0536,5.0
095720,2022,0.5,2.0,empirical_fallback,0,0.5111,0.5
095720,2024,0.5,2.0,empirical_fallback,0,0.5044,0.5
095720,2025,0.5,2.0,empirical_fallback,0,0.5216,0.5
004365,2022,3.33,0.3003,empirical_fallback,0,3.4147,3.33
004310,2025,3.33,0.3003,empirical_fallback,0,3.2432,3.33
001515,2021,0.5,2.0,empirical_fallback,0,0.5063,0.5
001510,2021,0.5,2.0,empirical_fallback,0,0.5063,0.5
001515,2022,0.5,2.0,empirical_fallback,0,0.512,0.5
001515,2023,0.5,2.0,empirical_fallback,0,0.4987,0.5
001515,2024,0.5,2.0,empirical_fallback,0,0.5072,0.5
006200,2022,0.2,5.0,empirical_fallback,0,0.2083,0.2
007280,2025,0.5,2.0,empirical_fallback,0,0.5043,0.5
006200,2023,0.2,5.0,empirical_fallback,0,0.1998,0.2
006200,2024,0.2,5.0,empirical_fallback,0,0.1987,0.2
006200,2025,0.2,5.0,empirical_fallback,0,0.2051,0.2
015230,2021,2.0,0.5,empirical_fallback,0,1.9699,2.0
004835,2023,1.5,0.666667,empirical_fallback,0,1.385,1.5
000860,2022,2.0,0.5,empirical_fallback,0,2.0241,2.0
000860,2021,2.0,0.5,empirical_fallback,0,1.8898,2.0
000860,2023,2.0,0.5,empirical_fallback,0,1.9907,2.0
000860,2024,2.0,0.5,empirical_fallback,0,2.0472,2.0
375500,2021,2.0,0.5,empirical_fallback,0,2.0689,2.0
033530,2025,0.4,2.5,empirical_fallback,0,0.4061,0.4
004560,2025,1.5,0.666667,empirical_fallback,0,1.6323,1.5
417310,2025,1.5,0.666667,empirical_fallback,0,1.4265,1.5
001430,2025,1.5,0.666667,empirical_fallback,0,1.5936,1.5
003690,2022,1.5,0.666667,empirical_fallback,0,1.4795,1.5
002900,2021,0.3003003003003003,3.33,empirical_fallback,0,0.3046,0.3003003003003003
002900,2022,0.3003003003003003,3.33,empirical_fallback,0,0.2933,0.3003003003003003
100840,2021,3.0,0.333333,empirical_fallback,0,2.7636,3.0
100840,2023,3.0,0.333333,empirical_fallback,0,2.7494,3.0
100840,2022,3.0,0.333333,empirical_fallback,0,2.8826,3.0
003350,2022,4.0,0.25,empirical_fallback,0,4.2715,4.0
003350,2024,5.0,0.2,empirical_fallback,0,4.8356,5.0
003350,2023,5.0,0.2,empirical_fallback,0,4.9692,5.0
003350,2025,5.0,0.2,empirical_fallback,0,5.0287,5.0
009200,2023,2.0,0.5,empirical_fallback,0,2.1834,2.0
000480,2021,10.0,0.1,empirical_fallback,0,10.3455,10.0
000480,2022,10.0,0.1,empirical_fallback,0,10.5823,10.0
395400,2021,0.2,5.0,empirical_fallback,0,0.2113,0.2
395400,2022,0.2,5.0,empirical_fallback,0,0.198,0.2
002360,2021,0.1,10.0,empirical_fallback,0,0.0988,0.1
002360,2022,0.1,10.0,empirical_fallback,0,0.1059,0.1
007340,2022,5.0,0.2,empirical_fallback,0,5.1381,5.0
007340,2021,4.0,0.25,empirical_fallback,0,4.1763,4.0
006740,2021,0.2,5.0,empirical_fallback,0,0.1927,0.2
006740,2022,0.2,5.0,empirical_fallback,0,0.1962,0.2
377190,2021,0.2,5.0,empirical_fallback,0,0.2152,0.2
377190,2022,0.5,2.0,empirical_fallback,0,0.4743,0.5
001130,2022,10.0,0.1,empirical_fallback,0,10.4822,10.0
001130,2023,10.0,0.1,empirical_fallback,0,9.7809,10.0
001130,2024,10.0,0.1,empirical_fallback,0,10.2555,10.0
001130,2025,10.0,0.1,empirical_fallback,0,10.5302,10.0
092790,2025,1.5,0.666667,empirical_fallback,0,1.5614,1.5
084010,2021,1.5,0.666667,empirical_fallback,0,1.501,1.5
084010,2022,1.5,0.666667,empirical_fallback,0,1.6091,1.5
084010,2024,1.5,0.666667,empirical_fallback,0,1.5039,1.5
084010,2025,1.5,0.666667,empirical_fallback,0,1.5565,1.5
000670,2021,10.0,0.1,empirical_fallback,0,10.8013,10.0
000670,2022,12.0,0.083333,empirical_fallback,0,10.9632,12.0
000670,2023,10.0,0.1,empirical_fallback,0,10.6015,10.0
000670,2024,12.5,0.08,empirical_fallback,0,13.3668,12.5
383220,2021,5.0,0.2,dart_document,1,4.7706,5.0
003920,2021,12.5,0.08,empirical_fallback,0,12.3573,12.5
003925,2021,10.0,0.1,empirical_fallback,0,10.6458,10.0
003920,2022,10.0,0.1,empirical_fallback,0,10.2851,10.0
003925,2022,12.0,0.083333,empirical_fallback,0,10.9475,12.0
003920,2023,8.0,0.125,empirical_fallback,0,8.2372,8.0
003925,2023,8.0,0.125,empirical_fallback,0,7.8358,8.0
005800,2021,10.0,0.1,dart_document,1,9.7371,10.0
010060,2022,1.5,0.666667,empirical_fallback,0,1.3567,1.5
194370,2022,2.0,0.5,empirical_fallback,0,2.097,2.0
194370,2023,2.0,0.5,empirical_fallback,0,2.0449,2.0
006040,2021,6.0,0.166667,empirical_fallback,0,5.5557,6.0
092220,2023,0.2,5.0,empirical_fallback,0,0.2141,0.2
092220,2022,0.25,4.0,empirical_fallback,0,0.2276,0.25
016590,2021,10.0,0.1,empirical_fallback,0,9.7238,10.0
016590,2022,10.0,0.1,empirical_fallback,0,9.6899,10.0
365550,2022,0.6666666666666666,1.5,empirical_fallback,0,0.6013,0.6666666666666666
084695,2023,1.5,0.666667,empirical_fallback,0,1.4913,1.5
084695,2024,1.5,0.666667,empirical_fallback,0,1.5512,1.5
015360,2021,5.0,0.2,empirical_fallback,0,5.1516,5.0
015360,2022,5.0,0.2,empirical_fallback,0,5.291,5.0
015360,2024,5.0,0.2,empirical_fallback,0,4.5094,5.0
015360,2025,5.0,0.2,empirical_fallback,0,5.0125,5.0
005010,2021,5.0,0.2,dart_document,1,5.2983,5.0
114090,2024,2.0,0.5,empirical_fallback,0,2.1286,2.0
001530,2021,10.0,0.1,dart_document,1,11.7149,12.0
005950,2021,2.0,0.5,empirical_fallback,0,2.0214,2.0
005950,2022,2.0,0.5,empirical_fallback,0,2.1133,2.0
011700,2024,2.0,0.5,empirical_fallback,0,1.8519,2.0
011700,2025,1.5,0.666667,empirical_fallback,0,1.6367,1.5
002310,2021,5.0,0.2,empirical_fallback,0,4.7529,5.0
002310,2022,5.0,0.2,empirical_fallback,0,4.8809,5.0
002310,2023,10.0,0.1,empirical_fallback,0,9.7778,10.0
214320,2021,2.0,0.5,empirical_fallback,0,1.9691,2.0
214320,2022,2.0,0.5,empirical_fallback,0,2.0899,2.0
001740,2023,1.5,0.666667,empirical_fallback,0,1.3913,1.5
001740,2025,1.5,0.666667,empirical_fallback,0,1.4182,1.5
064960,2021,2.0,0.5,empirical_fallback,0,1.8153,2.0
064960,2022,2.0,0.5,empirical_fallback,0,1.8687,2.0
064960,2023,2.0,0.5,empirical_fallback,0,1.8168,2.0
064960,2024,2.0,0.5,empirical_fallback,0,1.8229,2.0
023590,2025,1.5,0.666667,empirical_fallback,0,1.5444,1.5
002200,2021,10.0,0.1,empirical_fallback,0,9.9822,10.0
002200,2022,10.0,0.1,empirical_fallback,0,10.0094,10.0
105840,2025,2.5,0.4,empirical_fallback,0,2.5107,2.5
001230,2021,5.0,0.2,empirical_fallback,0,5.298,5.0
001230,2022,6.0,0.166667,empirical_fallback,0,5.6234,6.0
001230,2025,5.0,0.2,empirical_fallback,0,5.011,5.0
025750,2021,0.2,5.0,empirical_fallback,0,0.1978,0.2
005440,2021,1.5,0.666667,empirical_fallback,0,1.4883,1.5
005440,2022,1.5,0.666667,empirical_fallback,0,1.5791,1.5
001390,2021,5.0,0.2,empirical_fallback,0,4.9878,5.0
001390,2022,5.0,0.2,empirical_fallback,0,5.0064,5.0
001080,2021,10.0,0.1,empirical_fallback,0,10.1937,10.0
001080,2022,10.0,0.1,empirical_fallback,0,10.3047,10.0
339770,2021,2.0,0.5,empirical_fallback,0,2.0063,2.0
339770,2022,2.0,0.5,empirical_fallback,0,2.069,2.0
339770,2023,2.0,0.5,empirical_fallback,0,2.0172,2.0
005810,2021,1.5,0.666667,empirical_fallback,0,1.5238,1.5
005810,2022,1.5,0.666667,empirical_fallback,0,1.5093,1.5
005810,2023,1.5,0.666667,empirical_fallback,0,1.4742,1.5
101930,2023,5.0,0.2,empirical_fallback,0,5.0602,5.0
101930,2024,6.0,0.166667,empirical_fallback,0,5.5463,6.0
101930,2025,5.0,0.2,empirical_fallback,0,5.0731,5.0
322780,2021,0.2,5.0,empirical_fallback,0,0.2007,0.2
322780,2022,0.2,5.0,empirical_fallback,0,0.1821,0.2
322780,2023,0.2,5.0,empirical_fallback,0,0.2059,0.2
171120,2021,2.0,0.5,empirical_fallback,0,2.0056,2.0
171120,2022,2.0,0.5,empirical_fallback,0,2.1134,2.0
068790,2025,0.6666666666666666,1.5,empirical_fallback,0,0.6925,0.6666666666666666
472850,2024,2.0,0.5,empirical_fallback,0,1.808,2.0
084110,2024,0.6666666666666666,1.5,empirical_fallback,0,0.667,0.6666666666666666
273640,2021,2.0,0.5,dart_document,1,1.9524,2.0
059120,2022,2.0,0.5,empirical_fallback,0,2.1384,2.0
169330,2021,2.0,0.5,dart_document,1,1.9663,2.0
149950,2021,0.4,2.5,empirical_fallback,0,0.4227,0.4
373170,2023,3.0,0.333333,empirical_fallback,0,3.0446,3.0
373170,2025,3.0,0.333333,empirical_fallback,0,3.059,3.0
040160,2023,1.5,0.666667,empirical_fallback,0,1.3617,1.5
088130,2021,2.0,0.5,empirical_fallback,0,1.9324,2.0
088130,2022,2.0,0.5,empirical_fallback,0,2.0067,2.0
088130,2023,2.0,0.5,empirical_fallback,0,1.947,2.0
016250,2021,1.5,0.666667,empirical_fallback,0,1.6369,1.5
016250,2022,1.5,0.666667,empirical_fallback,0,1.4225,1.5
042500,2023,1.5,0.666667,empirical_fallback,0,1.4605,1.5
272290,2025,1.5,0.666667,empirical_fallback,0,1.5385,1.5
290740,2025,0.3333333333333333,3.0,empirical_fallback,0,0.3257,0.3333333333333333
034950,2023,1.5,0.666667,empirical_fallback,0,1.3992,1.5
032750,2021,1.5,0.666667,empirical_fallback,0,1.3709,1.5
051380,2021,2.5,0.4,empirical_fallback,0,2.4487,2.5
051380,2022,2.0,0.5,empirical_fallback,0,1.9994,2.0
060560,2022,0.2,5.0,empirical_fallback,0,0.1903,0.2
060560,2024,0.1666666666666666,6.0,empirical_fallback,0,0.1732,0.1666666666666666
060560,2025,0.2,5.0,empirical_fallback,0,0.2068,0.2
008370,2025,1.5,0.666667,empirical_fallback,0,1.5959,1.5
381620,2024,3.33,0.3003,empirical_fallback,0,3.2813,3.33
310200,2025,1.5,0.666667,empirical_fallback,0,1.3941,1.5
347740,2021,4.0,0.25,dart_document,1,3.8016,4.0
112290,2022,2.0,0.5,empirical_fallback,0,2.0543,2.0
099190,2022,2.0,0.5,empirical_fallback,0,1.9326,2.0
099190,2021,2.0,0.5,empirical_fallback,0,1.9818,2.0
199820,2021,2.0,0.5,empirical_fallback,0,1.9333,2.0
199820,2022,2.0,0.5,empirical_fallback,0,2.0696,2.0
199820,2023,2.0,0.5,empirical_fallback,0,2.0154,2.0
199820,2024,2.5,0.4,empirical_fallback,0,2.3518,2.5
333050,2022,0.2,5.0,empirical_fallback,0,0.2108,0.2
333050,2023,0.2,5.0,empirical_fallback,0,0.2041,0.2
333050,2024,0.2,5.0,empirical_fallback,0,0.2132,0.2
333050,2025,0.2,5.0,empirical_fallback,0,0.206,0.2
352090,2023,2.0,0.5,empirical_fallback,0,1.9963,2.0
461300,2025,1.5,0.666667,empirical_fallback,0,1.4885,1.5
138070,2021,1.9508,0.512602,dart_document,1,1.9358,2.0
115500,2024,0.6666666666666666,1.5,empirical_fallback,0,0.6817,0.6666666666666666
072990,2021,2.0,0.5,empirical_fallback,0,1.9959,2.0
072990,2024,2.0,0.5,empirical_fallback,0,1.9644,2.0
246690,2025,0.6666666666666666,1.5,empirical_fallback,0,0.6989,0.6666666666666666
039830,2025,1.5,0.666667,empirical_fallback,0,1.3598,1.5
089850,2023,2.0,0.5,empirical_fallback,0,1.9813,2.0
225190,2021,6.0,0.166667,empirical_fallback,0,5.9577,6.0
225190,2022,6.0,0.166667,empirical_fallback,0,5.9318,6.0
225190,2023,6.0,0.166667,empirical_fallback,0,5.6826,6.0
131090,2021,0.2,5.0,empirical_fallback,0,0.1998,0.2
131090,2023,0.2,5.0,empirical_fallback,0,0.2025,0.2
131090,2024,0.2,5.0,empirical_fallback,0,0.2089,0.2
072950,2022,1.5,0.666667,empirical_fallback,0,1.4086,1.5
119610,2022,1.5,0.666667,empirical_fallback,0,1.3949,1.5
119610,2024,1.5,0.666667,empirical_fallback,0,1.3889,1.5
119610,2021,1.5,0.666667,empirical_fallback,0,1.3769,1.5
256630,2021,0.2,5.0,empirical_fallback,0,0.2003,0.2
256630,2022,0.1,10.0,empirical_fallback,0,0.1012,0.1
256630,2025,0.2,5.0,empirical_fallback,0,0.1964,0.2
383310,2025,1.5,0.666667,empirical_fallback,0,1.485,1.5
419120,2022,2.0,0.5,empirical_fallback,0,2.035,2.0
419120,2023,2.0,0.5,empirical_fallback,0,1.9084,2.0
419120,2024,2.0,0.5,empirical_fallback,0,2.0025,2.0
217190,2022,1.5,0.666667,empirical_fallback,0,1.5752,1.5
297890,2022,4.0,0.25,empirical_fallback,0,4.1829,4.0
318020,2021,1.5,0.666667,empirical_fallback,0,1.5557,1.5
075130,2021,1.8552,0.539034,dart_document,1,1.806,2.0
158430,2022,6.0,0.166667,empirical_fallback,0,5.5115,6.0
270660,2021,1.5,0.666667,empirical_fallback,0,1.611,1.5
106240,2021,2.5,0.4,empirical_fallback,0,2.3701,2.5
053700,2025,0.6666666666666666,1.5,empirical_fallback,0,0.6231,0.6666666666666666
264450,2021,1.5,0.666667,empirical_fallback,0,1.477,1.5
264450,2022,1.5,0.666667,empirical_fallback,0,1.5306,1.5
094480,2025,10.0,0.1,empirical_fallback,0,9.8576,10.0
124560,2021,1.9664,0.508551,dart_document,1,1.9427,2.0
032540,2021,1.5,0.666667,empirical_fallback,0,1.4846,1.5
032540,2022,1.5,0.666667,empirical_fallback,0,1.5033,1.5
032540,2023,1.5,0.666667,empirical_fallback,0,1.5847,1.5
032540,2024,1.5,0.666667,empirical_fallback,0,1.5485,1.5
356890,2021,2.5,0.4,empirical_fallback,0,2.4783,2.5
356890,2022,2.5,0.4,empirical_fallback,0,2.5991,2.5
356890,2023,3.0,0.333333,empirical_fallback,0,2.7322,3.0
189690,2023,3.0,0.333333,empirical_fallback,0,2.9612,3.0
212560,2021,1.5,0.666667,empirical_fallback,0,1.5895,1.5
212560,2022,1.5,0.666667,empirical_fallback,0,1.5138,1.5
212560,2023,1.5,0.666667,empirical_fallback,0,1.5926,1.5
212560,2024,1.5,0.666667,empirical_fallback,0,1.4142,1.5
009520,2025,0.6666666666666666,1.5,empirical_fallback,0,0.6333,0.6666666666666666
052260,2022,2.0,0.5,empirical_fallback,0,2.0818,2.0
052260,2021,2.0,0.5,empirical_fallback,0,2.0349,2.0
052260,2023,2.0,0.5,empirical_fallback,0,2.004,2.0
045300,2025,0.3333333333333333,3.0,empirical_fallback,0,0.3407,0.3333333333333333
084650,2021,6.0,0.166667,empirical_fallback,0,5.9823,6.0
086900,2024,1.5,0.666667,empirical_fallback,0,1.5463,1.5
262840,2025,0.5,2.0,empirical_fallback,0,0.467,0.5
056190,2024,1.5,0.666667,empirical_fallback,0,1.4274,1.5
094360,2021,2.0,0.5,empirical_fallback,0,1.965,2.0
094360,2022,2.0,0.5,empirical_fallback,0,2.1386,2.0
016790,2021,16.0,0.0625,empirical_fallback,0,15.5183,16.0
083450,2022,2.0,0.5,empirical_fallback,0,2.092,2.0
083450,2021,2.0,0.5,empirical_fallback,0,1.963,2.0
083450,2023,2.0,0.5,empirical_fallback,0,1.9576,2.0
035890,2023,0.5,2.0,empirical_fallback,0,0.5022,0.5
035890,2024,0.5,2.0,empirical_fallback,0,0.5149,0.5
382480,2021,5.0,0.2,empirical_fallback,0,4.7722,5.0
079370,2022,3.0,0.333333,empirical_fallback,0,3.066,3.0
079370,2021,3.0,0.333333,empirical_fallback,0,2.9754,3.0
079370,2023,3.0,0.333333,empirical_fallback,0,2.9108,3.0
336680,2024,2.0,0.5,empirical_fallback,0,1.9906,2.0
225220,2021,2.0,0.5,empirical_fallback,0,1.9269,2.0
187870,2021,2.0,0.5,empirical_fallback,0,1.9431,2.0
187870,2022,2.0,0.5,empirical_fallback,0,1.9774,2.0
187870,2023,2.0,0.5,empirical_fallback,0,1.8947,2.0
187870,2024,2.0,0.5,empirical_fallback,0,2.0445,2.0
187870,2025,2.0,0.5,empirical_fallback,0,2.0431,2.0
290690,2021,3.0,0.333333,empirical_fallback,0,2.8869,3.0
290690,2022,3.33,0.3003,empirical_fallback,0,3.2603,3.33
037070,2021,1.4286,0.7,dart_document,1,1.3998,1.5
194700,2021,2.0,0.5,empirical_fallback,0,1.8782,2.0
293580,2021,10.0,0.1,empirical_fallback,0,9.8039,10.0
293580,2022,10.0,0.1,empirical_fallback,0,10.0446,10.0
131180,2021,0.2,5.0,empirical_fallback,0,0.1914,0.2
131180,2022,0.2,5.0,empirical_fallback,0,0.2171,0.2
131180,2024,0.2,5.0,empirical_fallback,0,0.2073,0.2
131180,2025,0.2,5.0,empirical_fallback,0,0.1964,0.2
207760,2021,3.0,0.333333,empirical_fallback,0,2.7349,3.0
090150,2021,2.0,0.5,empirical_fallback,0,1.8727,2.0
332370,2021,2.0,0.5,empirical_fallback,0,1.98,2.0
357230,2021,2.0,0.5,empirical_fallback,0,2.0703,2.0
357230,2022,2.0,0.5,empirical_fallback,0,2.0576,2.0
357230,2023,2.0,0.5,empirical_fallback,0,2.0268,2.0
224110,2024,1.5,0.666667,empirical_fallback,0,1.4806,1.5
211050,2022,5.0,0.2,empirical_fallback,0,5.2737,5.0
211050,2023,5.0,0.2,empirical_fallback,0,5.1084,5.0
035080,2021,0.2,5.0,empirical_fallback,0,0.2027,0.2
448280,2023,3.33,0.3003,empirical_fallback,0,3.4941,3.33
448280,2024,2.5,0.4,empirical_fallback,0,2.5404,2.5
092870,2025,2.0,0.5,empirical_fallback,0,2.0668,2.0
278650,2021,2.0,0.5,empirical_fallback,0,2.0925,2.0
234340,2021,1.5,0.666667,empirical_fallback,0,1.4637,1.5
234340,2023,1.5,0.666667,empirical_fallback,0,1.4677,1.5
234340,2024,1.5,0.666667,empirical_fallback,0,1.4743,1.5
080520,2022,1.5,0.666667,empirical_fallback,0,1.4253,1.5
038390,2021,2.0,0.5,empirical_fallback,0,2.0243,2.0
038390,2022,2.0,0.5,empirical_fallback,0,2.0104,2.0
038390,2023,2.0,0.5,empirical_fallback,0,2.0243,2.0
092730,2022,2.0,0.5,empirical_fallback,0,1.9779,2.0
148150,2021,2.5,0.4,empirical_fallback,0,2.6427,2.5
148150,2023,2.0,0.5,empirical_fallback,0,1.9706,2.0
265740,2022,2.5,0.4,empirical_fallback,0,2.2857,2.5
265740,2021,2.0,0.5,empirical_fallback,0,1.8382,2.0
265740,2023,2.0,0.5,empirical_fallback,0,1.8182,2.0
353190,2025,0.2,5.0,empirical_fallback,0,0.2052,0.2
041460,2022,2.5,0.4,empirical_fallback,0,2.4587,2.5
041460,2023,1.5,0.666667,empirical_fallback,0,1.3849,1.5
006740,2023,0.4,2.5,empirical_fallback,0,0.4399,0.4
484870,2024,3.33,0.3003,empirical_fallback,0,3.3534,3.33
484870,2025,3.0,0.333333,empirical_fallback,0,2.8754,3.0
011330,2021,0.1,10.0,empirical_fallback,0,0.0998,0.1
011330,2022,0.1,10.0,empirical_fallback,0,0.0998,0.1
359090,2024,0.2,5.0,empirical_fallback,0,0.1912,0.2
359090,2025,0.2,5.0,empirical_fallback,0,0.202,0.2
