investor,condition,hold_td,IS_n,IS_mean,IS_med,IS_wr,IS_diff,IS_pval,IS_bonf,OOS_n,OOS_mean,OOS_med,OOS_wr,OOS_diff,OOS_pval
frgn_abs,streak3,5,241228,0.0010707583900230395,-0.005755713449402603,0.43843998209163115,0.0012033007214148983,1.2920666650062098e-15,True,119462,0.0022298070213475126,-0.007428185265915528,0.42824496492608527,0.0025295612630351666,3.8959390135122806e-21
frgn_abs,streak3,20,241228,0.0013620451750639328,-0.01756927502409974,0.4136750294327358,0.0015306440341960304,6.064295078311101e-06,True,114130,0.0015941550283792888,-0.026389578024233917,0.3880662402523438,0.0018079229999893526,0.007472721370280992
frgn_abs,streak3,40,241228,0.0009254107739230992,-0.028895752752934028,0.4019682623907672,0.0010399614537158328,0.037112263488044146,False,107637,0.0009344023243828791,-0.047187285543110094,0.3692038982877635,0.0010600467952705812,0.2967794011129784
frgn_abs,streak5,5,74830,0.0008740954921717366,-0.0050946865840980895,0.44452759588400376,0.0009050851042786601,0.0001281187459980075,True,40905,0.002433846161211011,-0.006688471002022539,0.4346901356802347,0.002536777872169384,9.26940671003082e-11
frgn_abs,streak5,20,74830,0.0013932591514346693,-0.01628892699688719,0.420352799679273,0.0014426548536823802,0.003957617872431843,False,38931,0.001869280359547694,-0.02562539373935796,0.393054378258971,0.0019478423074827341,0.05413322260533079
frgn_abs,streak5,40,74830,0.0018773243931267081,-0.02620201394297908,0.40935453695042096,0.0019438818290852405,0.013936137813064037,False,36811,0.0008795067629978707,-0.04499475434183304,0.3768710439814186,0.0009166641014997284,0.5112047190679225
frgn_abs,cum5_top20,5,506730,-0.0003896101017010118,-0.007577278247737431,0.4292088488938883,-0.000506896841348911,3.9273519191765855e-05,True,204489,0.0026996920133853268,-0.008347316854749421,0.43221884795759186,0.0033866508811721085,7.226543772806606e-44
frgn_abs,cum5_top20,20,506730,-0.00218144256458548,-0.02220802828307166,0.40454087975845127,-0.0028381357175923964,1.1463834322707474e-28,True,195890,0.008037522368657393,-0.02445581326012537,0.4119658992291592,0.010084005855837932,4.765532774833464e-72
frgn_abs,cum5_top20,40,506730,-0.004479268338062726,-0.03546917568608087,0.39250685769541965,-0.005827690201576427,6.111791708323717e-57,True,184422,0.016893661013464147,-0.03978954707466714,0.4044311416208478,0.02119872023903211,2.339733899493618e-119
frgn_abs,cum10_top20,5,505784,-0.0004670032023397185,-0.007550970948306266,0.4291278490422789,-0.0006076246010075768,6.819566549918088e-07,True,204478,0.0030111757919144308,-0.008272177249675477,0.43278983558133394,0.0037773425683892024,8.27780354669942e-55
frgn_abs,cum10_top20,20,505784,-0.0014688534573356568,-0.02182559153975825,0.4057957547095203,-0.001911146415015215,2.806403035161627e-13,True,195880,0.009282376934807202,-0.023835440972821198,0.41520829079027977,0.011645669204773088,8.614942180091837e-94
frgn_abs,cum10_top20,40,505784,-0.003241523626280158,-0.03407018057784738,0.3961256188412445,-0.004217593134708999,1.5183630664314051e-30,True,184410,0.019486091940236625,-0.03812724804537991,0.4080255951412613,0.02445138220111327,4.429766761541511e-155
frgn_norm,streak3,5,213889,0.0011095977760124981,-0.005725195172660378,0.4392886029669595,0.0013224511173544789,1.5842334051920669e-16,True,102906,0.0024485660927163577,-0.007265303933135622,0.43006238703282607,0.0029857912958053266,1.0164915224692747e-23
frgn_norm,streak3,20,213889,0.0013427094705473982,-0.017434451855167996,0.41456549892701355,0.0018146409953454104,5.625247075844496e-07,True,98338,0.0020252727523431217,-0.0256970786882825,0.3909068722162338,0.0028531902425253854,0.0001276041139585457
frgn_norm,streak3,40,213889,0.0009828878753459093,-0.02853599782126129,0.40392914081603076,0.001738046373628959,0.0011090198518997525,False,92742,0.0020553340857389166,-0.04617199141161823,0.37132043734230447,0.0029822386354954487,0.00805422506920552
frgn_norm,streak5,5,67571,0.0009037464654128713,-0.004999238957619244,0.4459901437007,0.0009951897207048448,5.4120091127634346e-05,True,35990,0.0029145944140207603,-0.006238099095565344,0.439622117254793,0.0032035960167715732,1.847424673360153e-14
frgn_norm,streak5,20,67571,0.0011935130464956517,-0.01613436304214281,0.42142339169170207,0.0014853194907624835,0.004654310589949713,False,34271,0.00277962594292044,-0.024339979925918354,0.398967056695165,0.0033722311826377936,0.0018657559348526323
frgn_norm,streak5,40,67571,0.0021216385022997247,-0.02537766673239583,0.41266223675837266,0.0027519419198322077,0.000848569912580908,False,32396,0.0033056948687396536,-0.04321733804063363,0.38038646746511917,0.004013669704742826,0.008084074951449426
frgn_norm,cum5_top20,5,368011,0.0004573685788905522,-0.0076428285545268,0.42949259668868595,0.0006455629709461511,7.40065507335915e-06,True,159889,0.0017028336006516965,-0.010138280670426367,0.4172144425194979,0.0023197858519092324,9.41593977933871e-16
frgn_norm,cum5_top20,20,368011,0.0006264050733085504,-0.021996668716008493,0.4065503476798248,0.0011092794071562362,0.00019527592516343375,True,153107,0.004015527135831477,-0.03034604021083656,0.38849954606908893,0.005597430145010447,3.1278190293586596e-18
frgn_norm,cum5_top20,40,368011,0.00042547693343995396,-0.03478459994716343,0.3953903551796006,0.0012233613099389218,0.004337192949283833,False,144067,0.008633670645957109,-0.051041063979100416,0.3782753857580154,0.011474001544261356,7.484213855691591e-32
frgn_norm,cum10_top20,5,367149,0.0002903391470472007,-0.007558046345144873,0.42961576907468085,0.0004315656653595622,0.0025148878889181673,False,159861,0.0014219840402715659,-0.010401720716730704,0.41405345894245627,0.0019588289994848804,6.539965445903546e-12
frgn_norm,cum10_top20,20,367149,0.0013974990505736644,-0.021347896470306715,0.4082947250298925,0.0020441964017073933,9.775705924999069e-12,True,153083,0.004150615105866087,-0.0297354993576608,0.3910231704369525,0.005741963469396872,1.5477639796772095e-19
frgn_norm,cum10_top20,40,367149,0.0019881800307253806,-0.033218621686110145,0.3996170492089043,0.0031478356568302333,1.856753552351975e-13,True,144043,0.00917380439430057,-0.049261234352638045,0.3802822768201162,0.012130343698168474,3.366396089185574e-38
pens_abs,streak3,5,78417,0.00011285148677952376,-0.004887957072953534,0.4550671410535981,0.00011704237484055713,0.61671326577321,False,31823,0.0033782555086279836,-0.005438947362938023,0.4575621405901392,0.003488372497365019,2.27146728673642e-13
pens_abs,streak3,20,78417,-0.0022274540517222747,-0.01639368059253734,0.4277643878240688,-0.0023101734811091543,5.213353395171042e-07,True,30818,0.013538626480618904,-0.013353144523996796,0.4523979492504381,0.01398513951737057,2.7317221945221514e-45
pens_abs,streak3,40,78417,-0.00244930798322564,-0.025677787714562653,0.4229567568256883,-0.0025402662495065983,0.0001171680965041548,True,29542,0.02951100664928716,-0.01719162592386713,0.4560625550064315,0.030503308025412266,3.522585728515418e-86
pens_abs,streak5,5,39617,-0.0002381063917617035,-0.004522402712354349,0.460206477017442,-0.0002425022980089591,0.4422355416331058,False,15870,0.0025706876728990497,-0.005239995915270681,0.45778197857592945,0.0026118033796898275,3.9129170072231144e-05
pens_abs,streak5,20,39617,-0.0026385272089918498,-0.0161100241025238,0.43072418406239743,-0.002687239543657646,2.1594626946452124e-05,True,15396,0.010780626500005722,-0.013410129018424614,0.45122109638867236,0.010955368696224578,1.5343312087211755e-16
pens_abs,streak5,40,39617,-0.0030418950279622226,-0.024529328460160326,0.42837670696923036,-0.003098054315657017,0.0005408250681442223,True,14780,0.0271079259331137,-0.016869322941743436,0.4564952638700947,0.027556417151789032,5.035178857072866e-38
pens_abs,cum5_top20,5,367026,-0.0006091350102044126,-0.006351484186133449,0.4355794957305477,-0.000731773305672454,4.206972499350145e-09,True,138121,0.0027749760194330127,-0.006485438539832791,0.44468980097161187,0.0032155341190730183,5.3422327807268524e-36
pens_abs,cum5_top20,20,367026,-0.0014977025414569922,-0.016649043947982514,0.420564210709868,-0.0017992378065877905,4.086385860818664e-13,True,133746,0.012017476955348237,-0.016396626004845438,0.43532516860317316,0.01395048157216031,5.949141452559859e-141
pens_abs,cum5_top20,40,367026,-0.0022348916020078517,-0.026457326545396002,0.41090276983102014,-0.0026848465250291155,5.3169204506146744e-14,True,127576,0.023288973901300906,-0.025998857820319875,0.43170345519533454,0.02709543982049619,5.789794245328845e-229
pens_abs,cum10_top20,5,415180,-0.0006869576208199437,-0.006349542411767821,0.4345440531817525,-0.0008480655080849634,1.17904070978134e-12,True,155874,0.002493009283067442,-0.006708545431475124,0.4419851931688415,0.0029489786449711955,9.446641608854881e-33
pens_abs,cum10_top20,20,415180,-0.0020148477618206644,-0.01712200973159726,0.41755383207283586,-0.0024873774437537844,2.95054321465402e-25,True,151218,0.011126098738140789,-0.01781310231319637,0.4295520374558584,0.013192944759010113,3.62242455608292e-135
pens_abs,cum10_top20,40,415180,-0.003021605898839054,-0.027002425227384483,0.40837227226745026,-0.0037302442889750238,1.7057215359213813e-27,True,144159,0.02096078919078157,-0.028193064733743802,0.42565500593095124,0.02491607801960121,9.955918083083135e-210
pens_norm,streak3,5,74458,0.00015561431868613493,-0.0048771119785445665,0.4550216229283623,0.0002235005233609106,0.35037411242780964,False,29787,0.003723661815118728,-0.005216044479059469,0.4595628965656159,0.004026254342516576,6.516475562636117e-16
pens_norm,streak3,20,74458,-0.0016426050822526338,-0.01592325379537976,0.4298262107496844,-0.001440432827298816,0.0023654978160687215,False,28835,0.014954100021777196,-0.013344741404576324,0.45354603780128316,0.01601921150398295,1.9334689215949743e-53
pens_norm,streak3,40,74458,-0.001319557597174885,-0.024594701890787673,0.4262268661527304,-0.0007992394866446116,0.23785951945997624,False,27628,0.03201063051278366,-0.01681637974865425,0.45884609816128563,0.03385323306664978,3.8037868386972125e-95
pens_norm,streak5,5,37666,-0.00016001356746794923,-0.004490049718851417,0.4606276217278182,-0.00010748655296290136,0.7370058427709506,False,14852,0.0029880134249354426,-0.005086725269095,0.45980339348235927,0.0031919669256134956,1.5477012667841386e-06
pens_norm,streak5,20,37666,-0.001785830930227677,-0.015483228258473038,0.43357404555832846,-0.0015813206357292344,0.014968362554554205,False,14406,0.012538766015569549,-0.01388914420076024,0.45147855060391506,0.013229508009826989,2.6112413621499333e-21
pens_norm,streak5,40,37666,-0.0015754380452729984,-0.023336267240528934,0.4323262358625816,-0.0010686071297125316,0.24274968800439312,False,13825,0.029395149378492927,-0.017593470749211183,0.4579385171790235,0.030508768596281877,1.190857419126512e-41
pens_norm,cum5_top20,5,326224,-0.0006411166568911661,-0.006332268447265962,0.4363995291578793,-0.000708078408112822,1.1303472517005079e-07,True,124777,0.003035379706989302,-0.006417042875789837,0.4464204140186092,0.0037782502077149966,2.0102202698195113e-40
pens_norm,cum5_top20,20,326224,-0.001114350725349959,-0.01635920980970746,0.4228566874294963,-0.0010382060963947859,0.00010473409744312825,True,120767,0.012742294307517263,-0.016384149460271724,0.4361704770342892,0.015680151410313457,1.1430012195148425e-147
pens_norm,cum5_top20,40,326224,-0.0011946581794176974,-0.02572792506662267,0.41447594291039286,-0.0007806039065531566,0.0423873511174674,False,115185,0.024733087875021067,-0.025612458286557144,0.43343317272214266,0.030094235125037436,2.485515617549197e-238
pens_norm,cum10_top20,5,352328,-0.00045288733692458265,-0.006253026185707325,0.4365846597488704,-0.0004929548725451905,0.00015683717425669068,True,137955,0.002648691817635552,-0.006782476293363776,0.4424993657352035,0.0033768434396438756,3.923145536947436e-34
pens_norm,cum10_top20,20,352328,-0.0010769261452483637,-0.016557105813002234,0.4217064780545401,-0.0010398952034697407,7.882362906372461e-05,True,133765,0.011901272314004589,-0.01818651843880291,0.4295667775576571,0.014960761565426932,1.0921942990176519e-140
pens_norm,cum10_top20,40,352328,-0.0013897387823664127,-0.026188211788638047,0.4130128743670671,-0.001065936948080886,0.0047276356201286255,False,127484,0.02269581217351735,-0.028211999752498447,0.42677512472153367,0.028225989188730073,3.167953091628842e-220
inst_abs,streak3,5,201031,-2.3273447886536922e-05,-0.004855487336565156,0.44843332620342136,-2.5625745416220834e-05,0.8678675346776726,False,90540,0.0023690239735292386,-0.005919850148696086,0.44452175833885577,0.0026027832458749432,5.220858117867109e-19
inst_abs,streak3,20,201031,-0.0012119964850111254,-0.014471827859254324,0.4286403589496147,-0.0013344955814740306,2.1018068574049794e-05,True,86949,0.004396646522187245,-0.018532695413844873,0.4208559040356991,0.004831903489900438,2.668086811583419e-15
inst_abs,streak3,40,201031,-0.001788642292284701,-0.022620579156755534,0.42217866896150347,-0.0019694242230988025,1.2297753361434555e-05,True,82467,0.013229200114256965,-0.030155199870803603,0.4109037554415706,0.014550545093106954,1.2280114572856092e-51
inst_abs,streak5,5,94459,-0.0002213888304135273,-0.0042075341674599614,0.45489577488645866,-0.0002313897139638657,0.2574741334719987,False,44593,0.001443708014084671,-0.006079282890423881,0.443096450115489,0.0015105246911182573,8.618071951599921e-05
inst_abs,streak5,20,94459,-0.0011578727517978853,-0.013270617476817355,0.43366963444457385,-0.0012101777869489862,0.00448059789739771,False,42871,0.002088906711294513,-0.019077774546760136,0.4190711669893401,0.002185997063700651,0.006399942900678932
inst_abs,streak5,40,94459,-0.001997780548115111,-0.020700246148126003,0.42646015731693115,-0.002088027064091148,0.0006713156086974355,False,40785,0.00944439034329439,-0.031180168765021776,0.40774794654897634,0.009888497245646149,2.5361212025609538e-15
inst_abs,cum5_top20,5,506837,-0.0009149517457164075,-0.0064705860946031295,0.435226709967899,-0.0011904610040565286,1.5331695930884848e-24,True,204467,0.0018421158792785465,-0.0069828451536038776,0.43825164941041833,0.0023107941764518663,1.8596528016001164e-23
inst_abs,cum5_top20,20,506837,-0.0022152758155003552,-0.01710995083447399,0.4197878213311183,-0.002882337220437533,2.0605063935329345e-34,True,195862,0.008235780775328326,-0.018126478360090854,0.4267494460385373,0.010332368028756865,6.764136931012311e-91
inst_abs,cum5_top20,40,506837,-0.002703270834428559,-0.026265414202956607,0.41321174263126015,-0.0035172767600664544,1.7308141871674688e-25,True,184400,0.018221961487343664,-0.029374822901741135,0.41892624728850325,0.02286482018720849,2.8371207351047157e-195
inst_abs,cum10_top20,5,505762,-0.0006907349574466822,-0.006298648785193213,0.43666388538482526,-0.0008987134429929511,1.1312413225315148e-14,True,204465,0.0014406838000140306,-0.007495748809009671,0.4341965617587362,0.0018072236864195002,6.541873824844778e-15
inst_abs,cum10_top20,20,505762,-0.002111164434711158,-0.017129892603441787,0.41956691091857434,-0.002746830513482427,7.379877717973072e-32,True,195862,0.008525684558552104,-0.018353548264584622,0.4263409951904913,0.010696072777937445,2.5405511250818736e-103
inst_abs,cum10_top20,40,505762,-0.002805085774091864,-0.026234548224952775,0.4125972295269316,-0.0036496897496594996,1.4474883195180845e-27,True,184406,0.01846407763123508,-0.029922935029234966,0.4177412882444172,0.023168818315629107,7.557837507437637e-197
inst_norm,streak3,5,175519,-0.00014664136495035152,-0.0054473471084514604,0.44464701827152614,-9.70975906042318e-05,0.561838940704003,False,73839,0.002533434988509049,-0.00678215268326589,0.4402145207817007,0.0029595257322186366,1.9966482580481814e-18
inst_norm,streak3,20,175519,-0.0013104923299582694,-0.016147833718633063,0.42305391439103457,-0.0011608704725002798,0.0006172610284585515,False,71119,0.004660770022908097,-0.021073866568673966,0.4136869191074115,0.005647000937244173,9.139319152021122e-16
inst_norm,streak3,40,175519,-0.0018545728876416094,-0.02522378271984199,0.4161144947270666,-0.0014394268135640067,0.003088761580646567,False,67738,0.014883497344769231,-0.03327882917719936,0.4080279901975258,0.01702948871146048,1.4620620167288038e-53
inst_norm,streak5,5,82588,-0.0002919316787412191,-0.004716240902098818,0.4514336223180123,-0.0002483924635116056,0.2633823294705828,False,37102,0.001565387929535225,-0.006814667544764285,0.43900598350493236,0.0017933036836338138,4.606145633159686e-05
inst_norm,streak5,20,82588,-0.0014763834093198575,-0.015120506657360736,0.4275560614132804,-0.0012978700976599307,0.004507085235304592,False,35796,0.002635088951140681,-0.020996570815811848,0.41289529556375015,0.0032276513773159894,0.0003613273551432358
inst_norm,streak5,40,82588,-0.0021909791986458064,-0.02354651920669756,0.42072698212815424,-0.0017406474280870316,0.007733059814713272,False,34178,0.011601120076563639,-0.033411516176417286,0.405992158698578,0.012733395383568628,2.3916593651702155e-19
inst_norm,cum5_top20,5,368029,-0.0006274226865165886,-0.006598215997651417,0.43682155482312535,-0.0007111115388401329,1.1653978708417999e-07,True,159889,0.001451391785081116,-0.008334832666328777,0.4297981724821595,0.0020053786328871263,2.564044306449604e-13
inst_norm,cum5_top20,20,368029,-0.0008770725849844527,-0.01768808771197895,0.42031742063804756,-0.0007710150116321946,0.004679192100772746,False,153109,0.00650350758872165,-0.02250466787368713,0.41264066775957,0.008708477974449281,1.0663342914697168e-50
inst_norm,cum5_top20,40,368029,-0.000358067883893568,-0.027452570783762016,0.4127989913838312,0.00024344448415321974,0.5339238501807272,False,144069,0.01605341650833182,-0.035846575387306505,0.40659683901463883,0.020751893281259173,1.318649112804186e-119
inst_norm,cum10_top20,5,367149,-0.00044301258908307795,-0.006465860387085956,0.4376179698160692,-0.0004855927218010913,0.00028314430732691726,True,159865,0.0009821574183210297,-0.008924991899993243,0.4251837487880399,0.001408874215724731,2.8501165240999936e-07
inst_norm,cum10_top20,20,367149,-0.0010686175049691715,-0.01797584239109193,0.41908053678479307,-0.001040025495096087,0.00011094480547119963,True,153085,0.00670497509301712,-0.022688068001648576,0.4115818009602508,0.008936015528335473,8.337169531170001e-54
inst_norm,cum10_top20,40,367149,-0.000880199442496977,-0.02748600414822916,0.41191995620306743,-0.00043947199080311575,0.25448738384426567,False,144045,0.01525010486654663,-0.036219567148847054,0.4051164566628484,0.019728354889527046,2.449342667415081e-110
frgn_pens_sim,streak3,5,9435,0.00012118700903571796,-0.005374090349778522,0.4492845786963434,0.0001217113644392788,0.8502858211656958,False,3862,0.006408969150995261,-0.0022137667423860305,0.4816157431382703,0.006433615792337418,7.385617851458905e-07
frgn_pens_sim,streak3,20,9435,-0.002850603171074542,-0.017868385138925746,0.4192898781134075,-0.0028629372420946454,0.024115509166818143,False,3732,0.015850388725058596,-0.013942725983354607,0.4515005359056806,0.01591191021488079,1.907391277196327e-08
frgn_pens_sim,streak3,40,9435,-0.0006306059138904632,-0.024314305417723128,0.42649708532061475,-0.000633334437525933,0.730412269839823,False,3568,0.026650293428428846,-0.01679857469277309,0.4624439461883408,0.02675541535282085,1.224450054244673e-11
frgn_pens_sim,streak5,5,1758,0.0006186015350605532,-0.004303087634601821,0.4510807736063709,0.0006190995361891878,0.6494984477143854,False,693,0.005591809991480732,-0.0006933537821669535,0.48917748917748916,0.005595656570343091,0.07122885010446947
frgn_pens_sim,streak5,20,1758,-0.004003835466755229,-0.017212971597032417,0.4260523321956769,-0.0040070587283675945,0.16332218429326206,False,664,0.006342880887485871,-0.01780290630625987,0.4367469879518072,0.006347247215741993,0.3271726910081989
frgn_pens_sim,streak5,40,1758,-3.089625536216803e-05,-0.020735348646310617,0.4379977246871445,-3.0921128190909654e-05,0.9935770242349329,False,649,0.009542606739055973,-0.021576804962953167,0.4560862865947612,0.009549431366811183,0.2301110609421276
frgn_pens_sim,cum5_top20,5,506804,-0.0005777387704481691,-0.0077517029354754775,0.42845952281355315,-0.0007516920929162918,1.1537855672352594e-09,True,204451,0.002683243462765693,-0.008504515832495202,0.432289399415997,0.0033658577043145874,7.698825404926145e-43
frgn_pens_sim,cum5_top20,20,506804,-0.0028272221652292377,-0.02266982575731733,0.40303549301110486,-0.0036784800592003114,6.697287376565778e-47,True,195857,0.008037531977503799,-0.02479469604195164,0.41145835992586427,0.01008358539472811,4.6869655813585084e-70
frgn_pens_sim,cum5_top20,40,506804,-0.005431542008906495,-0.036313911688144525,0.3904014175105169,-0.0070669433821630104,1.0201212139881208e-82,True,184386,0.01671314761060149,-0.040422024450226926,0.4039081058214832,0.02097116289705807,2.07490909905963e-115
frgn_pens_sim,cum10_top20,5,505775,-0.0006949922485096451,-0.007717700645375955,0.4283307794968118,-0.0009042595916140543,1.5304165273509647e-13,True,204478,0.00278268734768876,-0.008488598191738724,0.4324670624712683,0.0034907172809927715,1.1336035783647724e-46
frgn_pens_sim,cum10_top20,20,505775,-0.0022212874067753983,-0.022426541361901087,0.4039088527507291,-0.0028901335915839177,2.559457889318474e-28,True,195885,0.009240965270457728,-0.0240519271388112,0.4152487428848559,0.011593789481266482,5.034155247720545e-89
frgn_pens_sim,cum10_top20,40,505775,-0.004313793299514373,-0.03497693522585557,0.39412189214571697,-0.005612708595946557,1.0353716791253108e-52,True,184411,0.019261698938779673,-0.038639781706461485,0.4078932384727592,0.024169844564990342,1.7887790024937898e-151
