feature,mean_abs_shap,rank,pct_of_total
atr_pct,0.15918865726089193,1,15.594820203733095
kospi_ma200_ratio,0.14063861423365004,2,13.777576495802036
pbr,0.09897131903646605,3,9.695665207920397
volatility_20,0.07662549380427951,4,7.506569999780824
ma120_dev,0.060587702534219225,5,5.935437510663244
kospi_volatility_20d,0.06005666406806529,6,5.88341464959115
vol_ratio_20d,0.05871294073056232,7,5.751777608281253
volatility_5,0.05416040260275436,8,5.305790973332441
vol_krw_5d,0.04767768334168178,9,4.6707153150082545
market_breadth,0.033001392673485085,10,3.232961406115393
kosdaq_kospi_ratio,0.027925437334407152,11,2.7356985217041783
vol_ratio_5d,0.021900872810083544,12,2.145505714130967
macd_signal,0.018204183698970255,13,1.7833618087242566
vol_ratio_lag_1,0.017841887811697224,14,1.7478697119895297
bb_width,0.013760159909491905,15,1.348005715077166
ma5_dev,0.013053220551315662,16,1.2787508298648804
atr_14,0.011664063237927411,17,1.142662876679331
ma60_dev,0.011093661666014453,18,1.0867838328393487
rsi_14,0.008939423314201621,19,0.8757451800197
rel_sector_20d,0.008223083992313357,20,0.8055694330668044
ret_20d,0.008168033268709535,21,0.8001764223369003
ma20_dev,0.007804182866136685,22,0.7645320384541958
rel_market_20d,0.007228735041052994,23,0.7081586414846992
ret_5d,0.0069056525797793365,24,0.6765080642310393
vol_ratio_lag_5,0.005475200500811547,25,0.5363746943955288
ret_60d,0.0052319095739837935,26,0.512540846391771
ret_1d,0.005218041663909636,27,0.5111822849972013
price_position_20,0.004992773826554095,28,0.4891140580161418
bb_pct,0.004126457471800223,29,0.40424590205325384
macd_hist,0.004112971699192173,30,0.4029247765236484
price_position_60,0.0038584692407657435,31,0.37799259763062826
rsi_7,0.0029706621360286044,32,0.29101911338745234
upper_shadow,0.002698492593289625,33,0.26435618930115584
vol_krw_20d,0.002172789371330443,34,0.2128559921888663
macd,0.0014412032502424453,35,0.14118660180500328
ret_lag_1,0.0012110331802230743,36,0.1186381305759883
rel_market_1d,0.0011140470474605678,37,0.10913694293667114
vol_ratio_lag_3,0.0010339595363648287,38,0.10129121851388365
gap_pct,0.0008610081453926546,39,0.08434814045414295
ret_lag_2,0.00062484957175146,40,0.06121300910198432
up_days_5,0.000595545755979483,41,0.0583422785731229
rel_sector_5d,0.00044430621870765306,42,0.043526189085135204
lower_shadow,0.00026185915529563787,43,0.025652873237345476
body_ratio,0.0,44,0.0
vol_surge,0.0,45,0.0
foreign_rate,0.0,46,0.0
up_streak,0.0,47,0.0
down_streak,0.0,48,0.0
rel_market_5d,0.0,49,0.0
per,0.0,50,0.0
foreign_1d_chg,0.0,51,0.0
foreign_5d_chg,0.0,52,0.0
foreign_trend,0.0,53,0.0
ret_lag_10,0.0,54,0.0
ret_lag_5,0.0,55,0.0
ret_lag_3,0.0,56,0.0
up_days_10,0.0,57,0.0
