symbol,date,close,pct,prev_close,name,ratio
000890,20230508,607,-0.7986733001658375,3015.0,보해양조,4.967051070840197
000890,20260520,1675,2.9691943127962084,422.0,보해양조,0.2519402985074627
001020,20260528,2705,3.0133531157270026,674.0,페이퍼코리아,0.2491682070240296
001130,20230508,145900,9.224246671338472,14270.0,대한제분,0.0978067169294037
001130,20260518,14300,-0.9086261980830671,156500.0,대한제분,10.944055944055943
001230,20260528,2545,-0.7767543859649123,11400.0,동국홀딩스,4.479371316306484
001380,20230508,1300,-0.48859166011014954,2542.0,SG글로벌,1.9553846153846153
001465,20240417,17100,-0.9140271493212669,198900.0,BYC우,11.631578947368421
001620,20230508,879,-0.7990857142857143,4375.0,케이비아이동국실업,4.977246871444824
001620,20260518,2850,3.4392523364485985,642.0,케이비아이동국실업,0.22526315789473683
002070,20260506,11850,32.38028169014085,355.0,비비안,0.029957805907172997
002360,20230508,801,-0.8983502538071066,7880.0,SH에너지화학,9.837702871410736
002360,20260522,3040,7.491620111731844,358.0,SH에너지화학,0.11776315789473685
003060,20260508,3480,12.864541832669323,251.0,에이프로젠바이오로직스,0.0721264367816092
004410,20230508,225,-0.8933649289099526,2110.0,서울식품,9.377777777777778
004410,20260521,1436,8.08860759493671,158.0,서울식품,0.11002785515320335
004415,20230508,2350,-0.8982683982683983,23100.0,서울식품우,9.829787234042554
004415,20260521,11400,8.555741827326068,1193.0,서울식품우,0.10464912280701755
005320,20230508,1115,-0.49364214350590374,2202.0,온타이드,1.9748878923766817
006200,20230508,1111,-0.796333638863428,5455.0,한국전자홀딩스,4.90999099909991
006200,20260520,2950,2.682896379525593,801.0,한국전자홀딩스,0.27152542372881355
006740,20260528,6820,10.578947368421053,589.0,블루산업개발,0.08636363636363636
007460,20260508,4530,14.46075085324232,293.0,에이프로젠,0.06467991169977926
007610,20260429,6500,1.1666666666666665,3000.0,선도전기,0.46153846153846156
008290,20230508,851,-0.4928486293206198,1678.0,원풍물산,1.971797884841363
009310,20260512,5330,4.004694835680751,1065.0,참엔지니어링,0.199812382739212
009460,20230508,1373,-0.8001455604075691,6870.0,한창제지,5.003641660597232
009460,20260518,2320,3.264705882352941,544.0,한창제지,0.23448275862068965
009810,20230508,3955,-0.511909169443416,8103.0,플레이그램,2.0487989886219973
009810,20260518,2360,1.0033955857385397,1178.0,플레이그램,0.49915254237288137
011080,20230508,940,-0.9130917159763313,10816.0,형지I&C,11.506382978723405
011080,20260507,3955,8.091954022988507,435.0,형지I&C,0.10998735777496839
011090,20230508,661,-0.7996969696969697,3300.0,에넥스,4.992435703479576
011090,20260520,1820,3.2523364485981308,428.0,에넥스,0.23516483516483516
011930,20230508,2085,-0.8972906403940887,20300.0,신성이엔지,9.73621103117506
011930,20260515,39950,9.0,3995.0,신성이엔지,0.1
012170,20250306,2065,7.978260869565217,230.0,아센디오,0.11138014527845036
015590,20230508,655,-0.8050595238095238,3360.0,DKME,5.129770992366412
015590,20260511,2575,4.0,515.0,DKME,0.2
016600,20260528,3695,11.610921501706486,293.0,큐캐피탈,0.07929634641407307
018620,20230508,1563,-0.7967490247074123,7690.0,우진비앤지,4.920025591810621
018620,20260521,3400,3.5576407506702417,746.0,우진비앤지,0.21941176470588236
018700,20230508,2475,-0.665901727861771,7408.0,졸스,2.9931313131313133
018700,20260512,1583,1.82174688057041,561.0,졸스,0.3543903979785218
019570,20230503,1180,2.129973474801061,377.0,플루토스,0.31949152542372883
021045,20240925,3785,-0.5006596306068601,7580.0,대호특수강우,2.0026420079260236
024890,20230508,2710,-0.8036231884057972,13800.0,대원화성,5.092250922509225
024890,20260521,4080,3.5033112582781456,906.0,대원화성,0.22205882352941175
027040,20260528,3120,5.5,480.0,서울전자통신,0.15384615384615385
027580,20230508,1607,-0.7954169318905155,7855.0,상보,4.8879900435594275
027580,20260518,2990,4.0,598.0,상보,0.2
027740,20230508,1362,-0.4875846501128668,2658.0,마니커,1.9515418502202644
032680,20260522,1340,4.0,268.0,소프트센,0.2
032685,20260522,31350,4.0,6270.0,소프트센우,0.2
032980,20260622,19,-0.9685430463576159,604.0,바이온,31.789473684210527
035290,20260528,3805,4.0,761.0,골드앤에스,0.2
036090,20230508,745,-0.6539712029725964,2153.0,위지트,2.8899328859060405
036090,20260521,1766,1.4873239436619716,710.0,위지트,0.40203850509626277
037950,20230508,1811,-0.8328564836179049,10835.0,엘컴텍,5.9828823854224185
037950,20260508,3455,3.873060648801128,709.0,엘컴텍,0.20520984081041968
038530,20230508,559,-0.8,2795.0,케이바이오랩스,5.0
038530,20260512,1482,3.7806451612903222,310.0,케이바이오랩스,0.20917678812415655
040350,20230508,1213,-0.8098746081504702,6380.0,크레오에스지,5.259686727122836
040350,20260512,3910,4.341530054644808,732.0,크레오에스지,0.18721227621483377
040610,20230508,1780,-0.4905552375500859,3494.0,SG&G,1.9629213483146069
043340,20230508,1021,-0.49654832347140043,2028.0,에쎈테크,1.9862879529872675
043590,20230508,1706,-0.5049332559489264,3446.0,웰킵스하이텍,2.019929660023447
043910,20230508,1005,-0.900887573964497,10140.0,자연과환경,10.08955223880597
043910,20260520,4000,7.113590263691684,493.0,자연과환경,0.12325
044380,20230508,750,-0.7983870967741935,3720.0,주연테크,4.96
044380,20260518,1879,3.369767441860465,430.0,주연테크,0.22884513038850451
044480,20230508,1129,-0.8014072119613016,5685.0,빌리언스,5.035429583702392
044480,20260511,1560,2.50561797752809,445.0,빌리언스,0.28525641025641024
046390,20260526,2100,1.119071644803229,991.0,삼화네트웍스,0.4719047619047619
049470,20230508,621,-0.8009615384615385,3120.0,비트플래닛,5.024154589371981
049470,20260515,2380,2.5416666666666665,672.0,비트플래닛,0.2823529411764706
050090,20230508,1964,3.9595959595959593,396.0,비케이홀딩스,0.20162932790224034
051780,20230508,3561,-0.8043406593406593,18200.0,큐로홀딩스,5.110923897781522
051780,20260511,4725,5.499312242090784,727.0,큐로홀딩스,0.15386243386243387
052420,20260528,11830,7.16988950276243,1448.0,오성첨단소재,0.1224006762468301
054220,20230508,681,-0.8028943560057887,3455.0,비츠로시스,5.073421439060206
054220,20260518,2405,3.3886861313868613,548.0,비츠로시스,0.22785862785862787
056730,20230508,1632,-0.8045508982035928,8350.0,CNT85,5.116421568627451
056730,20260518,2070,3.027237354085603,514.0,CNT85,0.24830917874396136
058970,20210813,14150,-0.4557692307692308,26000.0,엠로,1.8374558303886925
061040,20260528,7370,2.8048528652555498,1937.0,알에프텍,0.2628222523744912
064800,20230508,1322,-0.8110078627591136,6995.0,포니링크,5.291225416036308
064800,20260518,3995,4.0,799.0,포니링크,0.2
065150,20260522,1450,9.0,145.0,대산F&B,0.1
065770,20230508,1487,-0.49644429393836775,2953.0,CS,1.9858776059179557
066910,20260608,3400,4.0,680.0,손오공,0.2
069460,20260526,2660,4.0,532.0,대호에이엘,0.2
069640,20230508,2218,-0.5031362007168458,4464.0,한세엠케이,2.012623985572588
069920,20230508,5370,-0.844266573864625,34482.0,엑시온그룹,6.421229050279329
069920,20260507,1885,4.4479768786127165,346.0,엑시온그룹,0.18355437665782492
072770,20230508,2560,-0.6079632465543645,6530.0,멤레이비티,2.55078125
073570,20230508,21050,-0.7926435241735292,101516.0,리튬포어스,4.822612826603326
073570,20260520,3315,3.0377588306942753,821.0,리튬포어스,0.24766214177978885
078130,20230508,800,-0.813953488372093,4300.0,국일제지,5.375
078130,20260520,3885,7.910550458715596,436.0,국일제지,0.11222651222651223
078590,20260527,4595,7.752380952380953,525.0,휴림에이텍,0.11425462459194777
078860,20231227,8455,18.708624708624708,429.0,아이오케이이엔엠,0.05073920756948551
079970,20240821,1577,7.388297872340425,188.0,투비소프트,0.1192136968928345
080530,20230508,1278,-0.8018604651162791,6450.0,코디,5.046948356807512
080530,20260518,3200,2.9263803680981595,815.0,코디,0.2546875
083640,20230508,782,-0.7928476821192053,3775.0,인콘,4.827365728900256
083640,20260511,1683,3.371428571428571,385.0,인콘,0.22875816993464052
084440,20220425,2480,-0.7898305084745763,11800.0,유비온,4.758064516129032
085310,20260528,11690,9.0,1169.0,엔케이,0.1
086960,20230508,2260,-0.6011999294159167,5667.0,MDS테크,2.5075221238938052
086960,20260508,3160,1.8340807174887894,1115.0,MDS테크,0.3528481012658228
088290,20260528,2220,2.5238095238095237,630.0,이원컴포텍,0.28378378378378377
091970,20260522,3785,4.0,757.0,LSK아이로봇,0.2
092220,20230508,2177,-0.7933554817275748,10535.0,KEC,4.839228295819936
092220,20260520,6440,2.503808487486398,1838.0,KEC,0.2854037267080745
092600,20230508,1625,-0.7966207759699624,7990.0,앤씨앤,4.9169230769230765
092600,20260515,6410,5.494427558257345,987.0,앤씨앤,0.15397815912636506
095720,20230508,3095,-0.5051958433253397,6255.0,웅진씽크빅,2.0210016155088852
096690,20230508,4524,-0.8292443572129539,26494.0,에이루트,5.85632183908046
096690,20260521,7400,4.534779356768886,1337.0,에이루트,0.18067567567567566
097780,20260615,1650,1.4849397590361444,664.0,에코볼트,0.4024242424242424
097800,20230508,1131,-0.7980357142857143,5600.0,윈팩,4.951370468611848
097800,20260518,2160,3.5283018867924527,477.0,윈팩,0.22083333333333333
101000,20230421,1557,3.7907692307692304,325.0,KS인더스트리,0.20873474630700065
101390,20260622,45,-0.8863636363636364,396.0,아이엠,8.8
101400,20230508,669,-0.8412057915974365,4213.0,엔시트론,6.2974588938714495
101400,20260515,2165,4.5229591836734695,392.0,엔시트론,0.18106235565819861
101680,20230328,3740,1.5972222222222223,1440.0,한국정밀기계,0.3850267379679144
104040,20230508,1574,-0.797556270096463,7775.0,디에스엠,4.939644218551461
104040,20260518,2955,3.3648449039881836,677.0,디에스엠,0.22910321489001692
106520,20260622,24,-0.9416058394160584,411.0,노블엠앤비,17.125
109960,20230407,1432,4.99163179916318,239.0,앱토크롬,0.16689944134078213
109960,20260528,2950,18.281045751633986,153.0,앱토크롬,0.05186440677966102
110790,20231020,9450,-0.5015822784810127,18960.0,크리스에프앤씨,2.0063492063492063
115480,20230508,1124,-0.8017636684303351,5670.0,씨유메디칼,5.044483985765124
115480,20260520,2230,3.069343065693431,548.0,씨유메디칼,0.24573991031390136
115530,20260526,3030,8.017857142857142,336.0,씨엔플러스,0.11089108910891089
118000,20260518,1909,8.177884615384615,208.0,메타케어,0.10895756940806706
121890,20231023,1921,1.5994587280108252,739.0,에스디시스템,0.3846954711087975
123840,20230508,4590,-0.906890885855123,49297.0,뉴온,10.740087145969499
123840,20260508,5370,8.675675675675675,555.0,뉴온,0.10335195530726257
131180,20230508,1491,-0.7971428571428572,7350.0,딜리,4.929577464788732
131180,20260518,4640,3.9309245483528166,941.0,딜리,0.20280172413793104
131760,20230508,1282,-0.7965079365079365,6300.0,파인텍,4.914196567862715
131760,20260522,5240,4.057915057915058,1036.0,파인텍,0.19770992366412213
137940,20260522,2630,9.0,263.0,넥스트아이,0.1
138360,20230127,2110,-0.5290178571428572,4480.0,앤로보틱스,2.123222748815166
139050,20230628,6570,14.422535211267606,426.0,BF랩스,0.06484018264840183
139050,20260427,395,-0.8591800356506238,2805.0,BF랩스,7.10126582278481
140430,20260528,3500,3.6542553191489358,752.0,카티스,0.21485714285714286
140910,20260529,1098,-0.6492012779552716,3130.0,에이리츠,2.8506375227686704
148780,20220620,1810,-0.8216748768472907,10150.0,비큐AI,5.607734806629834
159910,20230508,159,-0.982829373650108,9260.0,에코글로우,58.23899371069182
159910,20231227,698,8.561643835616438,73.0,에코글로우,0.10458452722063037
159910,20260508,3480,3.3499999999999996,800.0,에코글로우,0.22988505747126436
179530,20210526,11200,-0.6516329704510109,32150.0,애드바이오텍,2.8705357142857144
183300,20260526,94500,-0.4414893617021277,169200.0,코미코,1.7904761904761906
184230,20230508,837,-0.7995209580838323,4175.0,SGA솔루션즈,4.98805256869773
184230,20260518,3315,3.3965517241379306,754.0,SGA솔루션즈,0.22745098039215686
193250,20230508,1086,-0.8003676470588235,5440.0,링크드,5.009208103130755
193250,20260522,1720,3.3434343434343434,396.0,링크드,0.2302325581395349
198940,20230508,4495,-0.4984378486944878,8962.0,한주라이트메탈,1.9937708565072303
204210,20260602,695,-0.6584766584766585,2035.0,제이케이리버스톤자기관리부동산투자회사,2.9280575539568345
205470,20230508,2900,-0.7932263814616756,14025.0,휴마시스,4.836206896551724
205470,20260511,4210,4.2559300873907615,801.0,휴마시스,0.19026128266033254
217620,20260427,145,-0.9619422572178478,3810.0,선샤인푸드,26.275862068965516
217620,20260506,23,-0.42500000000000004,40.0,선샤인푸드,1.7391304347826086
217620,20260507,5,-0.782608695652174,23.0,선샤인푸드,4.6
221800,20230223,7190,-0.7266159695817491,26300.0,지구홀딩스,3.6578581363004172
223310,20230508,3320,-0.8103615696578511,17507.0,사토시홀딩스,5.273192771084338
223310,20260515,14790,5.501098901098901,2275.0,사토시홀딩스,0.15382014874915484
225430,20230508,1265,-0.8007874015748031,6350.0,케이엠제약,5.019762845849803
225430,20260518,2585,4.0,517.0,케이엠제약,0.2
225590,20230508,1414,-0.7964002879769618,6945.0,패션플랫폼,4.911598302687412
225590,20260521,4400,3.6315789473684212,950.0,패션플랫폼,0.2159090909090909
226340,20260526,3235,4.0,647.0,본느,0.2
227100,20260622,18,-0.9705882352941176,612.0,프로브잇,34.0
227100,20260623,40,1.2222222222222223,18.0,프로브잇,0.45
227950,20260528,2005,2.9860834990059644,503.0,엔투텍,0.25087281795511224
230980,20260526,14,-0.9388646288209607,229.0,비유테크놀러지,16.357142857142858
232680,20210617,8208,-0.6423529411764706,22950.0,라온로보틱스,2.7960526315789473
234100,20260526,4340,3.2549019607843137,1020.0,폴라리스세원,0.2350230414746544
253160,20250709,2800,-0.4036208732694355,4695.0,PLUS 200선물인버스2X,1.6767857142857143
256630,20230508,2050,-0.7996677416202482,10233.0,포인트엔지니어링,4.991707317073171
256630,20260518,4600,2.9148936170212765,1175.0,포인트엔지니어링,0.2554347826086957
258790,20260528,6600,2.8416763678696157,1718.0,소프트캠프,0.2603030303030303
270520,20230508,4446,-0.8946195780990756,42190.0,앱튼,9.489428699955015
270520,20260508,1880,7.245614035087719,228.0,앱튼,0.12127659574468085
270660,20210728,15150,-0.6044386422976502,38300.0,에브리봇,2.5280528052805282
278650,20230508,4115,-0.7980368098159509,20375.0,HLB바이오스텝,4.951397326852977
278650,20260518,4785,2.7617924528301887,1272.0,HLB바이오스텝,0.2658307210031348
298060,20230508,9393,-0.8059898791696788,48415.0,풍전약품,5.154370275737251
298060,20260518,4635,4.0,927.0,풍전약품,0.2
320000,20230508,3810,-0.7605279698302954,15910.0,한울반도체,4.175853018372703
320000,20260508,9970,5.503587736464449,1533.0,한울반도체,0.15376128385155466
322780,20260522,2290,4.0,458.0,코퍼스코리아,0.2
323350,20230508,42000,3.166666666666667,10080.0,다원넥스뷰,0.24
323350,20230801,8600,-0.7952380952380953,42000.0,다원넥스뷰,4.883720930232558
328380,20230508,1128,-0.7950953678474114,5505.0,솔트웨어,4.88031914893617
328380,20260512,3915,3.423728813559322,885.0,솔트웨어,0.2260536398467433
333050,20230508,1451,-0.7990304709141274,7220.0,이노테나,4.9758787043418335
333050,20260520,6700,3.809763101220388,1393.0,이노테나,0.20791044776119402
344860,20220429,7450,-0.7707692307692308,32500.0,이노진,4.3624161073825505
373200,20230508,1266,-0.7972778222578063,6245.0,엑스플러스,4.932859399684045
373200,20260521,3030,3.7122861586314153,643.0,엑스플러스,0.21221122112211221
380540,20230508,2220,-0.5276595744680851,4700.0,옵티코어,2.1171171171171173
388610,20230724,5280,-0.6593548387096775,15500.0,지에프씨생명과학,2.9356060606060606
389680,20260512,3565,5.4936247723132965,549.0,유디엠텍,0.15399719495091163
393210,20230427,4956,-0.7534328358208955,20100.0,토마토시스템,4.0556900726392255
417180,20230508,5770,-0.8004702953177951,28918.0,핑거스토리,5.011785095320624
417180,20260520,6010,2.806206459784674,1579.0,핑거스토리,0.2627287853577371
419540,20260526,3605,3.1106043329532493,877.0,비스토스,0.2432732316227462
424760,20230508,2385,-0.5001047998323203,4771.0,벨로크,2.00041928721174
425040,20240102,25100,-0.5135658914728682,51600.0,티이엠씨,2.055776892430279
472850,20260102,5300,-0.47316103379721675,10060.0,폰드그룹,1.8981132075471698
500029,20260202,38125,-0.5999265438900256,95295.0,신한 레버리지 은 선물 ETN(H),2.499540983606557
500040,20250731,17640,-0.4435331230283912,31700.0,신한 레버리지 구리 선물 ETN,1.7970521541950113
500071,20260304,44060,-0.44925000000000004,80000.0,신한 레버리지 코스닥 150 선물 ETN,1.8157058556513845
500072,20260305,1669,-0.4264604810996564,2910.0,신한 인버스 2X 코스닥 150 선물 ETN,1.743559017375674
500094,20260309,4310,-0.44708146247594616,7795.0,신한 블룸버그 인버스2X WTI원유선물 ETN B,1.808584686774942
520092,20260202,56500,-0.5999716794109318,141240.0,미래에셋 레버리지 은 선물 ETN B,2.4998230088495577
530061,20260202,62715,-0.5999681071599425,156775.0,삼성 레버리지 은 선물 ETN(H),2.4998006856413935
530063,20250731,13540,-0.44222451081359426,24275.0,삼성 레버리지 구리 선물 ETN(H),1.7928360413589366
530134,20260309,4400,-0.4351732991014121,7790.0,삼성 블룸버그 인버스2X WTI원유선물 ETN B,1.7704545454545455
550043,20260309,18,-0.48571428571428577,35.0,N2 인버스 레버리지 WTI원유 선물 ETN(H),1.9444444444444444
550064,20260202,73835,-0.5999729107408913,184575.0,N2 레버리지 은 선물 ETN(H),2.4998307035958556
550069,20250731,13580,-0.44149701830146004,24315.0,N2 레버리지 구리 선물 ETN(H),1.7905007363770251
570061,20260202,91900,-0.6,229750.0,한투 레버리지은선물 ETN,2.5
570072,20250731,17030,-0.4077551730133889,28755.0,한투 레버리지구리선물 ETN,1.6884908984145626
570117,20260309,4150,-0.4699872286079183,7830.0,한투 인버스2XWTI원유선물 ETN B,1.8867469879518073
580026,20260202,74440,-0.5999785050244506,186090.0,KB S&P 레버리지 은 선물 ETN(H),2.499865663621709
580032,20250731,13650,-0.44319804201509283,24515.0,KB 레버리지 구리 선물 ETN(H),1.795970695970696
610028,20250731,13675,-0.4469160768452983,24725.0,메리츠 레버리지 구리 선물 ETN(H),1.8080438756855577
610089,20260309,4385,-0.4529008109794136,8015.0,메리츠 인버스 2X WTI원유 선물 ETN(H),1.8278221208665906
700030,20260309,4145,-0.46824887748556765,7795.0,하나 S&P 인버스 2X WTI원유 선물 ETN B,1.8805790108564535
900100,20260623,2875,6.390745501285347,389.0,파이온엑스,0.13530434782608697
900110,20260615,2140,2.0014025245441793,713.0,딥커머스,0.33317757009345794
900250,20260623,1512,1.9132947976878611,519.0,크리스탈신소재,0.34325396825396826
900300,20241204,678,8.970588235294118,68.0,오가닉티코스메틱,0.10029498525073746
900310,20260608,2600,4.0,520.0,컬러레이,0.2
900340,20260528,2970,3.0026954177897576,742.0,윙입푸드,0.24983164983164982
950220,20260608,2505,4.0,501.0,네오이뮨텍,0.2
