symbol,entry_date,exit_date,net_return_pct,exit_reason
000300,20230602,20230605,-0.74,trend_break
000430,20230602,20230605,1.14,trend_break
000815,20230602,20230605,1.14,trend_break
000910,20230602,20230605,3.01,trend_break
001060,20230602,20230605,-2.3,trend_break
000760,20230602,20230608,-7.88,stop_loss
000850,20230602,20230608,0.03,trend_break
000430,20230607,20230608,-3.29,trend_break
000910,20230607,20230608,-3.6,trend_break
001060,20230607,20230608,-3.18,trend_break
000760,20230609,20230612,-1.86,trend_break
000910,20230609,20230612,-1.74,trend_break
000810,20230602,20230613,-0.19,trend_break
000815,20230607,20230613,-1.32,trend_break
000100,20230602,20230614,-4.8,trend_break
000850,20230609,20230614,-0.76,trend_break
000880,20230609,20230614,-3.34,trend_break
000760,20230613,20230614,-3.32,trend_break
001060,20230613,20230614,0.88,trend_break
000725,20230614,20230616,-6.46,trend_break
000100,20230615,20230616,-1.8,trend_break
000760,20230615,20230616,-4.22,trend_break
000880,20230615,20230616,-1.78,trend_break
001060,20230615,20230616,-1.7,trend_break
001200,20230607,20230620,-7.88,stop_loss
000100,20230619,20230620,-0.46,trend_break
000760,20230619,20230620,-3.26,trend_break
000725,20230619,20230621,0.72,trend_break
001060,20230619,20230621,-2.98,trend_break
001340,20230615,20230622,-0.25,trend_break
000100,20230621,20230622,0.39,trend_break
000270,20230621,20230622,2.06,trend_break
000760,20230621,20230622,-6.21,trend_break
001250,20230614,20230623,-1.28,trend_break
000880,20230619,20230623,0.7,trend_break
000725,20230622,20230623,-0.63,trend_break
000100,20230623,20230626,-1.31,trend_break
000760,20230623,20230626,1.5,trend_break
000660,20230602,20230627,1.16,trend_break
000725,20230626,20230627,-7.88,stop_loss
000880,20230626,20230627,-0.3,trend_break
001080,20230626,20230627,-0.63,trend_break
000760,20230627,20230628,-7.88,stop_loss
000020,20230623,20230629,-6.81,trend_break
000480,20230623,20230629,-7.88,stop_loss
000725,20230628,20230629,-5.88,trend_break
001340,20230628,20230629,-7.88,stop_loss
001360,20230628,20230629,-2.03,trend_break
000300,20230609,20230630,-0.54,trend_break
000020,20230630,20230703,-1.2,trend_break
000725,20230630,20230703,1.56,trend_break
001340,20230630,20230703,4.64,trend_break
001360,20230630,20230703,0.68,trend_break
000300,20230703,20230704,-2.94,trend_break
000020,20230704,20230705,0.05,trend_break
000725,20230704,20230705,-4.68,trend_break
001210,20230704,20230705,-7.88,stop_loss
001340,20230704,20230705,-4.21,trend_break
000500,20230622,20230706,0.49,trend_break
000660,20230628,20230706,-0.98,trend_break
000300,20230705,20230706,-4.69,trend_break
001230,20230630,20230707,-7.88,stop_loss
000020,20230706,20230707,-3.4,trend_break
000520,20230706,20230707,-7.88,stop_loss
000725,20230706,20230707,0.36,trend_break
000300,20230707,20230710,-2.5,trend_break
000660,20230707,20230710,-2.74,trend_break
001120,20230707,20230710,-6.82,trend_break
000020,20230710,20230711,-2.3,trend_break
000725,20230710,20230711,-4.6,trend_break
000300,20230711,20230712,1.37,trend_break
000660,20230711,20230713,1.69,trend_break
000020,20230712,20230713,-0.43,trend_break
001210,20230710,20230714,-2.75,trend_break
000300,20230713,20230714,-3.84,trend_break
001230,20230710,20230717,-4.67,trend_break
000500,20230712,20230717,-7.88,stop_loss
000020,20230714,20230717,2.15,trend_break
000390,20230714,20230718,0.62,trend_break
000300,20230717,20230718,0.87,trend_break
000725,20230717,20230718,-7.88,stop_loss
001120,20230711,20230719,4.02,trend_break
000020,20230718,20230719,-1.21,trend_break
000500,20230718,20230719,-2.79,trend_break
000300,20230719,20230720,-1.52,trend_break
000390,20230719,20230720,0.3,trend_break
000725,20230719,20230720,-0.14,trend_break
000500,20230720,20230721,-1.11,trend_break
001210,20230720,20230721,-2.5,trend_break
000300,20230721,20230724,-7.88,stop_loss
000390,20230721,20230724,-0.78,trend_break
000725,20230721,20230724,-4.53,trend_break
001210,20230724,20230725,-7.88,stop_loss
001470,20230629,20230726,21.06,trend_break
000500,20230724,20230726,0.84,trend_break
000300,20230725,20230726,-7.88,stop_loss
001230,20230725,20230726,-7.88,stop_loss
001260,20230725,20230726,-5.86,trend_break
001210,20230726,20230727,-7.88,stop_loss
000300,20230727,20230728,3.77,trend_break
001230,20230727,20230728,2.24,trend_break
001260,20230727,20230728,2.86,trend_break
001390,20230727,20230728,5.61,trend_break
000480,20230728,20230731,-7.88,stop_loss
001200,20230627,20230801,4.6,trend_break
000680,20230731,20230801,-7.88,stop_loss
001230,20230731,20230801,-7.88,stop_loss
001260,20230731,20230801,0.46,trend_break
000430,20230706,20230802,15.57,trend_break
001120,20230720,20230802,2.4,trend_break
000480,20230801,20230802,-7.88,stop_loss
001200,20230802,20230803,-7.88,stop_loss
001230,20230802,20230803,-5.36,trend_break
001390,20230802,20230803,-2.84,trend_break
000500,20230727,20230804,3.48,trend_break
000430,20230803,20230804,-7.88,stop_loss
000480,20230803,20230804,-7.88,stop_loss
001120,20230803,20230804,-1.89,trend_break
001200,20230804,20230807,6.38,trend_break
001230,20230804,20230807,-2.89,trend_break
001430,20230804,20230807,-7.88,stop_loss
000430,20230807,20230808,-4.3,trend_break
000480,20230807,20230808,-7.88,stop_loss
001120,20230807,20230808,-0.35,trend_break
001200,20230808,20230809,-0.5,trend_break
001430,20230808,20230809,-0.63,trend_break
001470,20230808,20230809,1.42,trend_break
000430,20230809,20230810,-2.77,trend_break
000480,20230809,20230810,-6.33,trend_break
001120,20230809,20230810,-2.28,trend_break
001200,20230810,20230811,4.98,trend_break
001430,20230810,20230811,-2.65,trend_break
001570,20230810,20230811,-7.88,stop_loss
000430,20230811,20230814,1.04,trend_break
000480,20230811,20230814,-1.84,trend_break
001120,20230811,20230814,2.31,trend_break
001200,20230814,20230816,-7.88,stop_loss
001430,20230814,20230816,-4.15,trend_break
001570,20230814,20230816,-3.37,trend_break
000680,20230802,20230817,-7.88,stop_loss
000430,20230816,20230817,-7.88,stop_loss
000480,20230816,20230817,-7.88,stop_loss
001120,20230816,20230817,-2.55,trend_break
000500,20230807,20230818,1.22,trend_break
001430,20230817,20230818,-0.41,trend_break
001570,20230817,20230818,6.54,trend_break
000430,20230818,20230821,2.37,trend_break
000680,20230818,20230821,-7.88,stop_loss
001120,20230818,20230821,-7.88,stop_loss
002030,20230818,20230821,-7.88,stop_loss
001430,20230821,20230822,-0.85,trend_break
001570,20230821,20230822,2.21,trend_break
000680,20230822,20230823,-2.52,trend_break
001120,20230822,20230823,-5.95,trend_break
002030,20230822,20230823,-2.95,trend_break
002240,20230822,20230823,-2.48,trend_break
000500,20230821,20230824,3.02,trend_break
001570,20230823,20230824,-5.42,trend_break
000680,20230824,20230825,3.49,trend_break
001120,20230824,20230825,-2.71,trend_break
002030,20230824,20230825,-0.69,trend_break
000100,20230731,20230828,1.06,trend_break
001570,20230825,20230828,7.87,trend_break
000500,20230825,20230829,-0.84,trend_break
001390,20230828,20230829,-7.88,stop_loss
000680,20230828,20230829,-4.2,trend_break
000100,20230829,20230830,-0.35,trend_break
000680,20230830,20230831,-2.89,trend_break
000810,20230830,20230831,-3.37,trend_break
001060,20230718,20230901,26.46,trend_break
000500,20230830,20230901,0.72,trend_break
000100,20230831,20230901,-6.34,trend_break
000815,20230823,20230904,-1.18,trend_break
000680,20230901,20230904,-7.37,trend_break
001570,20230901,20230904,-2.41,trend_break
002030,20230828,20230905,0.68,trend_break
000100,20230904,20230905,-1.33,trend_break
000500,20230904,20230905,-6.37,trend_break
001060,20230904,20230905,-2.45,trend_break
000640,20230824,20230906,-0.84,trend_break
000150,20230829,20230906,-7.16,trend_break
000680,20230905,20230906,-2.66,trend_break
001740,20230817,20230907,5.53,trend_break
000100,20230906,20230907,1.8,trend_break
000500,20230906,20230907,-4.37,trend_break
001060,20230906,20230907,-1.44,trend_break
002240,20230906,20230907,-5.21,trend_break
000680,20230907,20230908,-4.78,trend_break
000500,20230908,20230911,1.82,trend_break
001740,20230908,20230911,-3.29,trend_break
001570,20230905,20230912,-2.68,trend_break
001060,20230908,20230912,-0.74,trend_break
000680,20230911,20230912,-4.47,trend_break
000490,20230908,20230913,-7.88,stop_loss
000155,20230912,20230913,-7.88,stop_loss
000157,20230912,20230913,-7.88,stop_loss
000500,20230913,20230914,-3.92,trend_break
001060,20230913,20230914,-3.05,trend_break
001570,20230913,20230914,-1.93,trend_break
000155,20230914,20230918,-7.88,stop_loss
000325,20230915,20230918,-7.88,stop_loss
001060,20230915,20230918,-2.76,trend_break
000150,20230907,20230919,9.23,trend_break
000157,20230914,20230919,-7.88,stop_loss
000490,20230915,20230919,-7.88,stop_loss
000155,20230919,20230920,-7.88,stop_loss
000325,20230919,20230920,-7.88,stop_loss
000640,20230907,20230921,1.37,trend_break
000100,20230908,20230921,0.89,trend_break
000150,20230920,20230921,-7.88,stop_loss
000157,20230920,20230921,-7.88,stop_loss
000400,20230920,20230921,-7.88,stop_loss
000325,20230921,20230922,-7.88,stop_loss
000155,20230921,20230925,-5.71,trend_break
000150,20230922,20230925,-3.02,trend_break
000157,20230922,20230925,-7.88,stop_loss
000250,20230925,20230926,-2.28,trend_break
000320,20230914,20230927,-3.75,trend_break
000150,20230926,20230927,2.82,trend_break
000157,20230926,20230927,7.42,trend_break
000815,20230905,20231004,2.12,trend_break
000810,20230919,20231004,-1.95,trend_break
000250,20230927,20231004,-4.14,trend_break
000100,20230922,20231005,3.4,trend_break
000490,20230922,20231005,10.89,trend_break
000155,20230926,20231005,-7.88,stop_loss
000150,20231004,20231005,-7.88,stop_loss
000157,20231004,20231005,-7.88,stop_loss
000320,20231004,20231005,-3.74,trend_break
000250,20231005,20231006,1.62,trend_break
000325,20231005,20231006,3.63,trend_break
000150,20231006,20231010,-6.62,trend_break
000155,20231006,20231010,-4.49,trend_break
000157,20231006,20231010,-7.88,stop_loss
000230,20231006,20231010,0.71,trend_break
000320,20231006,20231010,-4.42,trend_break
000250,20231010,20231011,-2.05,trend_break
000150,20231011,20231012,2.57,trend_break
000155,20231011,20231012,4.81,trend_break
000157,20231011,20231012,1.59,trend_break
000230,20231011,20231012,2.48,trend_break
000320,20231011,20231012,4.81,trend_break
000100,20231006,20231013,0.56,trend_break
000490,20231012,20231013,1.94,trend_break
000400,20230922,20231016,-7.88,stop_loss
000150,20231013,20231016,-7.88,stop_loss
000155,20231013,20231016,-7.88,stop_loss
000157,20231013,20231016,-6.94,trend_break
000230,20231013,20231016,-6.19,trend_break
000320,20231013,20231016,-2.2,trend_break
000100,20231016,20231017,-1.81,trend_break
000490,20231016,20231017,2.53,trend_break
000150,20231017,20231018,-3.93,trend_break
000155,20231017,20231018,-3.67,trend_break
000320,20231017,20231018,-0.54,trend_break
000400,20231017,20231018,-7.88,stop_loss
000640,20231005,20231019,1.47,trend_break
000815,20231017,20231019,-1.58,trend_break
001530,20231017,20231019,-0.98,trend_break
000100,20231018,20231019,-7.88,stop_loss
000490,20231018,20231019,-7.88,stop_loss
000155,20231019,20231020,-5.57,trend_break
000400,20231019,20231020,-7.88,stop_loss
002710,20231019,20231020,-7.88,stop_loss
002800,20231019,20231020,-7.88,stop_loss
000100,20231020,20231023,1.33,trend_break
000440,20231020,20231023,-7.88,stop_loss
000490,20231020,20231023,-7.42,trend_break
000640,20231020,20231023,-7.88,stop_loss
000815,20231020,20231023,-2.12,trend_break
000155,20231023,20231024,2.56,trend_break
000400,20231023,20231024,-0.41,trend_break
002710,20231023,20231024,-7.88,stop_loss
000100,20231024,20231025,-5.23,trend_break
000490,20231024,20231025,-1.54,trend_break
000640,20231024,20231025,-2.72,trend_break
000815,20231024,20231025,-0.04,trend_break
000440,20231024,20231026,-7.88,stop_loss
000370,20231025,20231026,-0.75,trend_break
000400,20231025,20231026,3.32,trend_break
002380,20231025,20231026,-1.29,trend_break
000490,20231026,20231027,1.52,trend_break
000640,20231026,20231027,-0.08,trend_break
000815,20231026,20231027,-1.54,trend_break
003090,20231026,20231027,0.31,trend_break
000370,20231027,20231030,-1.34,trend_break
000400,20231027,20231030,0.44,trend_break
000640,20231030,20231031,8.53,trend_break
000815,20231030,20231031,0.18,trend_break
003230,20231030,20231031,-0.84,trend_break
000370,20231031,20231101,0.79,trend_break
000400,20231031,20231101,1.48,trend_break
000640,20231101,20231102,-4.32,trend_break
003690,20231101,20231102,-3.64,trend_break
002800,20231023,20231103,17.24,trend_break
000440,20231027,20231103,9.6,trend_break
000400,20231102,20231103,-0.01,trend_break
003850,20231102,20231103,2.06,trend_break
000640,20231103,20231106,0.51,trend_break
003690,20231103,20231106,-1.68,trend_break
000400,20231106,20231107,-3.12,trend_break
000440,20231106,20231107,-7.88,stop_loss
003850,20231106,20231107,1.85,trend_break
002800,20231106,20231108,-1.26,trend_break
003690,20231107,20231108,-0.38,trend_break
004090,20231107,20231108,-7.88,stop_loss
000440,20231108,20231109,-7.24,trend_break
002210,20231108,20231109,-7.88,stop_loss
001450,20231109,20231110,0.05,trend_break
002800,20231109,20231110,-7.88,stop_loss
000325,20231010,20231113,49.53,trend_break
000440,20231110,20231113,1.21,trend_break
002210,20231110,20231113,-7.88,stop_loss
003690,20231113,20231115,-3.86,trend_break
000440,20231114,20231115,-2.14,trend_break
004090,20231114,20231115,-2.4,trend_break
003230,20231101,20231117,4.62,trend_break
000440,20231116,20231117,-5.91,trend_break
004090,20231116,20231117,-5.07,trend_break
002720,20231109,20231120,-7.88,stop_loss
002800,20231113,20231120,4.98,trend_break
002210,20231114,20231120,-3.24,trend_break
003230,20231120,20231121,0.25,trend_break
000400,20231108,20231122,1.29,trend_break
002210,20231121,20231122,-1.41,trend_break
002720,20231121,20231122,-4.53,trend_break
000240,20231122,20231123,1.28,trend_break
003570,20231030,20231124,5.73,trend_break
000400,20231123,20231124,-1.05,trend_break
001530,20231123,20231127,-7.88,stop_loss
002210,20231127,20231128,-0.3,trend_break
001680,20231027,20231129,0.13,trend_break
001530,20231128,20231129,-3.76,trend_break
002210,20231129,20231130,-0.14,trend_break
001680,20231130,20231201,0.23,trend_break
002100,20231201,20231204,0.04,trend_break
003690,20231116,20231207,4.54,trend_break
002700,20231130,20231208,-1.57,trend_break
005090,20231120,20231212,0.25,trend_break
000210,20231121,20231212,-2.25,trend_break
000680,20231208,20231213,-7.88,stop_loss
000240,20231124,20231215,19.23,trend_break
000815,20231211,20231215,-0.63,trend_break
000225,20231213,20231215,-7.88,stop_loss
000680,20231214,20231215,-6.42,trend_break
000225,20231218,20231219,-7.88,stop_loss
000240,20231218,20231219,-7.88,stop_loss
000220,20231220,20231221,-4.18,trend_break
000225,20231220,20231221,-7.88,stop_loss
002720,20231127,20231222,23.87,trend_break
001685,20231205,20231226,31.11,trend_break
000220,20231222,20231226,-3.02,trend_break
000225,20231222,20231226,-6.48,trend_break
001680,20231204,20231227,-0.14,trend_break
001380,20231213,20231227,-2.47,trend_break
001790,20231218,20231227,-4.13,trend_break
000220,20231227,20231228,0.51,trend_break
000225,20231227,20231228,6.65,trend_break
000240,20231227,20231228,-7.88,stop_loss
001680,20231228,20240102,-0.39,trend_break
001790,20231228,20240102,-0.63,trend_break
000210,20231226,20240103,-6.96,trend_break
001685,20231228,20240103,19.48,trend_break
000220,20240102,20240103,3.5,trend_break
000225,20240102,20240103,0.2,trend_break
000240,20240102,20240103,-1.97,trend_break
001630,20231120,20240104,5.49,trend_break
000210,20240104,20240105,0.49,trend_break
000240,20240104,20240105,-3.34,trend_break
001680,20240104,20240105,-2.39,trend_break
000270,20231218,20240108,-1.73,trend_break
000220,20240104,20240108,1.37,trend_break
000225,20240104,20240108,8.56,trend_break
000990,20240105,20240108,-1.59,trend_break
001680,20240108,20240109,-4.8,trend_break
001685,20240108,20240109,0.03,trend_break
001790,20240108,20240109,0.62,trend_break
000225,20240109,20240110,-4.03,trend_break
000270,20240109,20240110,0.15,trend_break
000990,20240109,20240110,0.32,trend_break
001680,20240110,20240111,-1.15,trend_break
001685,20240110,20240111,-7.88,stop_loss
000270,20240111,20240112,-4.0,trend_break
000990,20240111,20240112,-2.69,trend_break
000080,20240112,20240115,2.62,trend_break
001680,20240112,20240115,-2.19,trend_break
000120,20231123,20240116,32.6,trend_break
000490,20240103,20240116,-7.88,stop_loss
000220,20240109,20240116,-3.32,trend_break
000270,20240115,20240116,0.6,trend_break
000990,20240115,20240116,-3.12,trend_break
001540,20240103,20240117,-7.88,stop_loss
000080,20240116,20240117,-3.78,trend_break
001685,20240116,20240117,-7.88,stop_loss
000120,20240117,20240118,-1.51,trend_break
000220,20240117,20240118,-1.54,trend_break
000270,20240117,20240118,-2.53,trend_break
000490,20240117,20240118,-3.97,trend_break
000990,20240117,20240118,-1.41,trend_break
000080,20240118,20240119,-0.86,trend_break
001540,20240118,20240119,0.67,trend_break
001685,20240118,20240119,-4.65,trend_break
000225,20240111,20240122,-3.51,trend_break
000120,20240119,20240122,1.8,trend_break
000220,20240119,20240122,-6.1,trend_break
000490,20240119,20240122,-2.4,trend_break
002320,20240119,20240122,-0.63,trend_break
003030,20240119,20240122,-3.17,trend_break
001540,20240122,20240123,0.64,trend_break
003230,20240122,20240123,-0.53,trend_break
003090,20240122,20240124,0.68,trend_break
000120,20240123,20240124,-3.39,trend_break
000220,20240123,20240124,-2.15,trend_break
000225,20240123,20240124,-0.63,trend_break
000490,20240123,20240124,-3.42,trend_break
002320,20240123,20240124,-2.71,trend_break
003030,20240123,20240124,-0.98,trend_break
001250,20240124,20240125,-1.21,trend_break
001540,20240124,20240125,-3.03,trend_break
000220,20240125,20240126,-1.02,trend_break
000225,20240125,20240126,1.33,trend_break
000490,20240125,20240126,0.04,trend_break
002320,20240125,20240126,3.14,trend_break
003030,20240125,20240126,6.0,trend_break
001790,20240110,20240129,1.07,trend_break
001250,20240126,20240129,0.35,trend_break
001540,20240126,20240129,2.61,trend_break
000220,20240129,20240130,0.15,trend_break
000225,20240129,20240130,-0.63,trend_break
000490,20240129,20240130,-4.33,trend_break
000500,20240129,20240130,-7.88,stop_loss
000520,20240130,20240131,-7.88,stop_loss
001250,20240130,20240131,-0.24,trend_break
001540,20240130,20240131,-7.88,stop_loss
000220,20240131,20240201,-0.63,trend_break
000225,20240131,20240201,-4.22,trend_break
000490,20240131,20240201,5.85,trend_break
000520,20240201,20240202,-7.88,stop_loss
000910,20240201,20240202,2.5,trend_break
000220,20240202,20240205,0.15,trend_break
000225,20240202,20240205,-1.8,trend_break
000490,20240205,20240206,-5.31,trend_break
000520,20240205,20240206,0.0,trend_break
000225,20240206,20240207,1.42,trend_break
000490,20240207,20240208,-7.88,stop_loss
000520,20240207,20240208,-0.75,trend_break
000210,20240202,20240213,-7.88,stop_loss
000520,20240213,20240214,1.51,trend_break
000640,20240208,20240215,-7.88,stop_loss
000210,20240214,20240215,-5.2,trend_break
000520,20240215,20240216,-2.45,trend_break
000120,20240125,20240219,8.7,trend_break
000210,20240216,20240219,1.92,trend_break
002320,20240129,20240221,8.18,trend_break
000120,20240220,20240221,-1.59,trend_break
003090,20240125,20240222,13.34,trend_break
000120,20240222,20240223,-3.92,trend_break
000180,20240222,20240223,-7.88,stop_loss
000640,20240216,20240226,2.08,trend_break
000370,20240223,20240226,-4.5,trend_break
000270,20240201,20240227,8.84,trend_break
000540,20240206,20240227,10.55,trend_break
000400,20240213,20240227,3.25,trend_break
000320,20240219,20240227,-7.88,stop_loss
000120,20240226,20240227,-3.63,trend_break
000180,20240226,20240227,-3.16,trend_break
000370,20240227,20240228,-7.88,stop_loss
000500,20240131,20240229,6.66,trend_break
000120,20240228,20240229,-1.89,trend_break
000180,20240228,20240229,0.62,trend_break
000320,20240228,20240229,-2.33,trend_break
000400,20240228,20240229,1.86,trend_break
000540,20240228,20240229,1.97,trend_break
000370,20240229,20240304,3.25,trend_break
000120,20240304,20240305,5.84,trend_break
000180,20240304,20240305,-0.87,trend_break
000210,20240304,20240305,-4.97,trend_break
000320,20240304,20240305,-0.46,trend_break
000400,20240304,20240305,0.94,trend_break
000430,20240304,20240305,-0.63,trend_break
000370,20240305,20240306,0.08,trend_break
000120,20240306,20240307,-3.44,trend_break
000210,20240306,20240307,-2.89,trend_break
000320,20240306,20240307,-0.22,trend_break
000400,20240306,20240307,-3.37,trend_break
000430,20240306,20240307,-0.81,trend_break
000370,20240307,20240308,-2.95,trend_break
000520,20240220,20240311,0.3,trend_break
000390,20240227,20240311,-1.36,trend_break
000320,20240308,20240311,-4.21,trend_break
000400,20240308,20240311,-2.21,trend_break
000430,20240308,20240311,-4.37,trend_break
000540,20240308,20240311,-3.01,trend_break
000370,20240311,20240312,-2.4,trend_break
000320,20240312,20240313,-2.66,trend_break
000390,20240312,20240313,-5.13,trend_break
000400,20240312,20240313,-1.7,trend_break
000430,20240312,20240313,-0.26,trend_break
000370,20240314,20240315,2.48,trend_break
000390,20240314,20240315,-0.78,trend_break
000400,20240314,20240315,2.41,trend_break
000430,20240314,20240315,1.4,trend_break
000520,20240312,20240318,3.49,trend_break
000270,20240228,20240319,4.93,trend_break
000370,20240318,20240319,-6.02,trend_break
000400,20240318,20240319,-2.34,trend_break
000430,20240319,20240320,-2.28,trend_break
000640,20240308,20240321,-5.09,trend_break
000270,20240320,20240321,-3.79,trend_break
000370,20240320,20240321,0.3,trend_break
000400,20240320,20240321,-2.2,trend_break
000430,20240321,20240322,-0.63,trend_break
000270,20240322,20240325,-4.65,trend_break
000370,20240322,20240325,-1.55,trend_break
000540,20240322,20240325,-7.62,trend_break
000270,20240326,20240327,1.52,trend_break
000540,20240326,20240327,2.71,trend_break
000270,20240328,20240329,-4.11,trend_break
000540,20240328,20240329,-2.84,trend_break
000500,20240306,20240401,1.21,trend_break
000270,20240401,20240402,-6.18,trend_break
000400,20240401,20240402,-7.88,stop_loss
000100,20240312,20240403,-6.8,trend_break
000150,20240313,20240403,17.81,trend_break
000155,20240325,20240403,-7.88,stop_loss
000500,20240402,20240403,-4.42,trend_break
000270,20240403,20240404,1.66,trend_break
000400,20240403,20240404,1.14,trend_break
000100,20240404,20240405,-1.45,trend_break
000150,20240404,20240405,-1.05,trend_break
000155,20240404,20240405,-1.07,trend_break
000250,20240318,20240408,29.53,trend_break
000390,20240318,20240408,16.39,trend_break
000270,20240405,20240408,2.39,trend_break
000100,20240408,20240409,-3.1,trend_break
000250,20240409,20240411,-5.94,trend_break
000270,20240409,20240411,-0.09,trend_break
000390,20240409,20240411,-1.28,trend_break
000100,20240411,20240412,2.39,trend_break
000520,20240322,20240415,5.28,trend_break
000210,20240412,20240415,-0.24,trend_break
000250,20240412,20240415,3.71,trend_break
000390,20240412,20240415,-4.2,trend_break
000150,20240408,20240416,-2.5,trend_break
000155,20240408,20240416,-2.71,trend_break
000100,20240415,20240416,-2.32,trend_break
000660,20240326,20240417,3.24,trend_break
000210,20240416,20240417,-5.68,trend_break
000250,20240416,20240417,-5.2,trend_break
000390,20240416,20240417,-0.63,trend_break
000520,20240416,20240417,-5.11,trend_break
000100,20240417,20240418,-0.2,trend_break
000150,20240417,20240418,-2.09,trend_break
000155,20240417,20240418,1.66,trend_break
000390,20240418,20240419,-1.96,trend_break
000520,20240418,20240419,-5.75,trend_break
000660,20240418,20240419,-2.15,trend_break
000680,20240418,20240419,1.27,trend_break
000150,20240419,20240422,-7.88,stop_loss
000155,20240419,20240422,-4.85,trend_break
001200,20240419,20240422,-7.88,stop_loss
000520,20240422,20240423,-0.63,trend_break
000660,20240422,20240423,-0.45,trend_break
000680,20240422,20240423,1.96,trend_break
000150,20240423,20240424,0.92,trend_break
002030,20240423,20240424,0.67,trend_break
000520,20240424,20240425,-0.52,trend_break
000660,20240424,20240425,-5.24,trend_break
000680,20240424,20240425,0.06,trend_break
000150,20240425,20240426,0.76,trend_break
000440,20240418,20240429,-3.14,trend_break
000520,20240426,20240429,1.54,trend_break
003280,20240426,20240429,-2.83,trend_break
001200,20240423,20240502,4.44,trend_break
000440,20240430,20240502,-1.34,trend_break
000520,20240430,20240502,-3.04,trend_break
002350,20240425,20240503,-7.88,stop_loss
000440,20240503,20240507,1.97,trend_break
003160,20240426,20240509,-5.83,trend_break
000400,20240405,20240510,20.24,trend_break
000440,20240510,20240513,4.23,trend_break
000400,20240513,20240514,0.11,trend_break
002420,20240503,20240516,-0.75,trend_break
000440,20240514,20240516,-5.74,trend_break
000680,20240430,20240517,-7.88,stop_loss
000400,20240517,20240520,-1.91,trend_break
000440,20240517,20240520,1.82,trend_break
000400,20240521,20240522,-2.77,trend_break
000440,20240521,20240522,-5.3,trend_break
000370,20240516,20240524,-1.41,trend_break
000390,20240523,20240524,-7.88,stop_loss
000400,20240523,20240524,-1.8,trend_break
002790,20240503,20240528,1.62,trend_break
000210,20240508,20240528,-1.7,trend_break
000370,20240527,20240528,-3.39,trend_break
000400,20240527,20240528,-3.45,trend_break
001040,20240507,20240529,4.11,trend_break
000680,20240520,20240529,1.34,trend_break
000500,20240404,20240530,103.89,trend_break
000390,20240527,20240530,-6.09,trend_break
000155,20240529,20240530,-7.88,stop_loss
000210,20240529,20240530,-2.81,trend_break
000370,20240529,20240530,-0.12,trend_break
000400,20240529,20240530,-3.53,trend_break
001440,20240422,20240531,28.72,trend_break
000440,20240530,20240531,-2.57,trend_break
000680,20240530,20240531,-2.03,trend_break
000210,20240531,20240603,-0.63,trend_break
000370,20240531,20240603,-1.44,trend_break
000390,20240531,20240603,-0.87,trend_break
000500,20240531,20240603,-6.42,trend_break
000680,20240603,20240604,0.68,trend_break
000815,20240603,20240605,-1.75,trend_break
000370,20240604,20240605,-1.96,trend_break
000390,20240604,20240605,-1.35,trend_break
000500,20240604,20240605,-7.88,stop_loss
000680,20240605,20240607,-4.93,trend_break
000390,20240607,20240610,1.7,trend_break
000500,20240607,20240610,4.17,trend_break
000815,20240607,20240610,-1.75,trend_break
001040,20240607,20240610,2.26,trend_break
000680,20240610,20240611,1.29,trend_break
000390,20240611,20240612,-1.1,trend_break
000500,20240611,20240612,-7.88,stop_loss
000815,20240611,20240612,-3.08,trend_break
001120,20240611,20240612,-2.12,trend_break
000210,20240604,20240613,4.76,trend_break
000680,20240612,20240613,-3.07,trend_break
000390,20240613,20240614,-3.16,trend_break
000500,20240613,20240614,2.23,trend_break
001120,20240613,20240614,-0.96,trend_break
000440,20240603,20240617,7.32,trend_break
001340,20240613,20240617,-7.88,stop_loss
000210,20240614,20240617,0.44,trend_break
000390,20240617,20240618,-0.13,trend_break
000500,20240617,20240618,-6.46,trend_break
000680,20240617,20240618,-0.97,trend_break
000210,20240618,20240619,-1.86,trend_break
001440,20240618,20240619,-0.82,trend_break
000390,20240619,20240620,0.97,trend_break
000680,20240619,20240620,0.07,trend_break
000150,20240429,20240624,45.13,trend_break
000155,20240531,20240624,0.82,trend_break
000250,20240620,20240624,-7.88,stop_loss
000390,20240621,20240624,-2.58,trend_break
000150,20240625,20240626,3.33,trend_break
000390,20240625,20240626,0.12,trend_break
001340,20240618,20240627,-0.56,trend_break
001680,20240619,20240627,-7.88,stop_loss
000400,20240614,20240628,-7.88,stop_loss
000390,20240627,20240628,-1.87,trend_break
000150,20240627,20240701,0.34,trend_break
000210,20240620,20240702,1.67,trend_break
000270,20240621,20240702,-5.81,trend_break
000970,20240628,20240702,-2.53,trend_break
000390,20240701,20240702,-3.14,trend_break
000400,20240701,20240702,-7.88,stop_loss
000100,20240702,20240703,-7.88,stop_loss
000270,20240703,20240704,0.01,trend_break
000400,20240703,20240704,2.58,trend_break
001340,20240703,20240704,-4.41,trend_break
000400,20240705,20240708,-0.99,trend_break
001340,20240705,20240708,1.32,trend_break
000400,20240709,20240710,6.16,trend_break
000660,20240531,20240712,19.1,trend_break
000390,20240703,20240712,1.8,trend_break
001200,20240628,20240716,-3.25,trend_break
000157,20240715,20240716,-7.88,stop_loss
000660,20240715,20240716,-1.47,trend_break
000150,20240703,20240717,4.69,trend_break
000815,20240711,20240718,-2.92,trend_break
000660,20240717,20240718,-7.88,stop_loss
001200,20240717,20240718,-7.88,stop_loss
000370,20240705,20240719,-3.66,trend_break
000157,20240717,20240719,-7.88,stop_loss
000150,20240718,20240719,-7.88,stop_loss
001200,20240719,20240722,-0.63,trend_break
001380,20240704,20240723,9.71,trend_break
000150,20240722,20240723,-1.83,trend_break
000157,20240722,20240723,-7.88,stop_loss
000370,20240722,20240723,-1.02,trend_break
000250,20240625,20240724,24.94,trend_break
000660,20240723,20240724,-0.63,trend_break
000155,20240625,20240725,15.48,trend_break
000150,20240724,20240725,-7.88,stop_loss
000157,20240724,20240725,-7.88,stop_loss
000370,20240724,20240725,-2.39,trend_break
000990,20240724,20240725,-3.29,trend_break
000250,20240725,20240726,-2.61,trend_break
000660,20240725,20240726,-2.86,trend_break
001750,20240719,20240729,-7.88,stop_loss
000150,20240726,20240729,-7.88,stop_loss
000155,20240726,20240729,-7.88,stop_loss
000157,20240726,20240729,0.13,trend_break
000990,20240726,20240729,0.75,trend_break
001250,20240719,20240730,-5.06,trend_break
000250,20240729,20240730,0.58,trend_break
000660,20240729,20240730,-3.74,trend_break
000150,20240730,20240731,5.52,trend_break
000155,20240730,20240731,5.17,trend_break
000157,20240730,20240731,6.28,trend_break
001200,20240730,20240731,-0.42,trend_break
000100,20240709,20240801,3.42,trend_break
000250,20240731,20240801,-0.25,trend_break
000660,20240731,20240801,2.17,trend_break
001250,20240731,20240801,1.46,trend_break
000990,20240730,20240802,-5.11,trend_break
000150,20240801,20240802,-7.88,stop_loss
000155,20240801,20240802,-7.88,stop_loss
000157,20240801,20240802,-7.88,stop_loss
001200,20240801,20240802,-3.37,trend_break
000370,20240726,20240805,1.77,trend_break
000100,20240802,20240805,-7.88,stop_loss
000250,20240802,20240805,-7.88,stop_loss
000660,20240802,20240805,-7.88,stop_loss
001250,20240802,20240805,-7.88,stop_loss
000155,20240805,20240806,-7.88,stop_loss
001200,20240805,20240806,-7.88,stop_loss
001380,20240805,20240806,0.34,trend_break
001750,20240805,20240806,-7.88,stop_loss
002380,20240805,20240806,-0.63,trend_break
000100,20240806,20240807,2.13,trend_break
000250,20240806,20240807,4.33,trend_break
000370,20240806,20240807,0.72,trend_break
001250,20240806,20240807,10.32,trend_break
002390,20240806,20240807,9.38,trend_break
000155,20240807,20240808,-4.87,trend_break
001200,20240807,20240808,7.42,trend_break
001750,20240807,20240808,-7.88,stop_loss
002380,20240807,20240808,0.22,trend_break
000100,20240808,20240809,-1.07,trend_break
000250,20240808,20240809,0.17,trend_break
000440,20240808,20240809,-7.88,stop_loss
001380,20240807,20240812,-5.98,trend_break
000155,20240809,20240812,4.17,trend_break
000990,20240809,20240812,2.65,trend_break
001200,20240809,20240812,1.22,trend_break
001750,20240809,20240812,-7.88,stop_loss
001250,20240808,20240813,3.8,trend_break
000100,20240812,20240813,-2.74,trend_break
000250,20240812,20240813,-7.88,stop_loss
000155,20240813,20240814,-4.14,trend_break
000990,20240813,20240814,-3.9,trend_break
001380,20240813,20240814,-5.52,trend_break
001750,20240813,20240814,3.03,trend_break
001755,20240813,20240816,-7.88,stop_loss
002380,20240814,20240816,-1.44,trend_break
000440,20240812,20240819,-7.88,stop_loss
000990,20240816,20240819,-2.57,trend_break
001380,20240816,20240819,-1.05,trend_break
002960,20240816,20240819,-0.78,trend_break
000880,20240814,20240820,-2.89,trend_break
002380,20240819,20240820,-1.27,trend_break
001755,20240819,20240821,-7.88,stop_loss
000440,20240820,20240821,-1.37,trend_break
000990,20240820,20240821,-2.01,trend_break
001380,20240820,20240821,4.29,trend_break
001750,20240816,20240822,-0.3,trend_break
003220,20240821,20240822,-7.88,stop_loss
000440,20240822,20240823,-1.13,trend_break
001755,20240822,20240823,-7.88,stop_loss
003520,20240822,20240826,-5.78,trend_break
001750,20240823,20240826,2.75,trend_break
003220,20240823,20240826,-1.48,trend_break
000440,20240826,20240827,1.22,trend_break
001755,20240826,20240827,-7.88,stop_loss
001750,20240827,20240828,-3.0,trend_break
002800,20240827,20240828,1.71,trend_break
000080,20240820,20240829,-7.88,stop_loss
003350,20240821,20240829,-7.88,stop_loss
000440,20240828,20240829,-4.79,trend_break
001755,20240828,20240829,-0.41,trend_break
001750,20240829,20240830,1.36,trend_break
001840,20240829,20240830,-4.91,trend_break
000440,20240830,20240902,-2.28,trend_break
001755,20240830,20240902,1.4,trend_break
002800,20240830,20240902,-2.74,trend_break
000240,20240903,20240904,-3.65,trend_break
001755,20240903,20240904,7.5,trend_break
001840,20240903,20240904,-4.51,trend_break
000370,20240808,20240905,9.29,trend_break
003090,20240827,20240905,-4.44,trend_break
003690,20240830,20240905,-0.15,trend_break
000640,20240902,20240906,-7.88,stop_loss
000240,20240905,20240906,1.27,trend_break
001755,20240905,20240906,-0.21,trend_break
001840,20240905,20240906,-6.19,trend_break
000370,20240906,20240909,-4.62,trend_break
000640,20240909,20240910,1.64,trend_break
001755,20240909,20240910,2.63,trend_break
002870,20240909,20240910,-7.88,stop_loss
004000,20240909,20240910,-3.92,trend_break
003090,20240906,20240911,-1.04,trend_break
003350,20240906,20240911,-7.88,stop_loss
000370,20240910,20240911,-3.66,trend_break
000640,20240911,20240912,-2.6,trend_break
000105,20240822,20240913,47.35,trend_break
002870,20240912,20240913,-7.88,stop_loss
003350,20240912,20240919,-3.54,trend_break
001750,20240902,20240920,2.16,trend_break
001755,20240911,20240920,-7.88,stop_loss
001720,20240919,20240920,-4.4,trend_break
002870,20240920,20240923,-7.88,stop_loss
000640,20240913,20240924,1.1,trend_break
000105,20240919,20240924,9.06,trend_break
001750,20240923,20240924,-7.88,stop_loss
001755,20240923,20240924,-7.88,stop_loss
003075,20240923,20240924,-0.79,trend_break
000240,20240911,20240925,-4.1,trend_break
001530,20240924,20240925,-7.88,stop_loss
003090,20240912,20240926,1.02,trend_break
000105,20240925,20240926,-7.88,stop_loss
000640,20240925,20240926,-1.35,trend_break
001750,20240925,20240926,-4.53,trend_break
001755,20240925,20240926,-2.72,trend_break
002870,20240925,20240926,-7.88,stop_loss
003075,20240926,20240927,-2.04,trend_break
000105,20240927,20240930,-3.27,trend_break
001750,20240927,20240930,-1.89,trend_break
001755,20240927,20240930,-2.82,trend_break
002870,20240927,20240930,0.32,trend_break
003090,20240927,20240930,-5.07,trend_break
001380,20240927,20241002,-7.88,stop_loss
000105,20241002,20241004,3.32,trend_break
001750,20241002,20241004,-2.06,trend_break
001755,20241002,20241004,-4.32,trend_break
002870,20241002,20241004,6.22,trend_break
003490,20241002,20241004,-2.21,trend_break
000105,20241007,20241008,-3.38,trend_break
000640,20241007,20241008,-2.08,trend_break
001750,20241007,20241008,-1.63,trend_break
001755,20241007,20241008,-2.37,trend_break
002870,20241007,20241008,5.47,trend_break
000105,20241010,20241011,-0.9,trend_break
000640,20241010,20241011,2.17,trend_break
002870,20241010,20241011,-4.23,trend_break
003720,20241010,20241014,-7.88,stop_loss
000105,20241014,20241015,-1.99,trend_break
000440,20241014,20241015,-7.88,stop_loss
000070,20240930,20241016,-6.31,trend_break
003720,20241015,20241016,-4.25,trend_break
000105,20241016,20241017,-6.47,trend_break
000440,20241016,20241017,-1.29,trend_break
000070,20241017,20241018,-4.01,trend_break
003720,20241017,20241018,-0.42,trend_break
001360,20241004,20241021,-0.35,trend_break
000440,20241018,20241021,1.86,trend_break
001530,20240926,20241022,6.33,trend_break
000070,20241021,20241022,-3.19,trend_break
003720,20241021,20241022,-4.87,trend_break
000100,20240814,20241023,64.6,trend_break
003090,20241018,20241023,-7.88,stop_loss
000440,20241022,20241023,2.05,trend_break
001360,20241022,20241023,-6.02,trend_break
000520,20240911,20241024,45.45,trend_break
000070,20241023,20241024,-0.91,trend_break
001530,20241023,20241024,0.04,trend_break
003720,20241023,20241024,0.57,trend_break
000100,20241024,20241025,1.37,trend_break
000440,20241024,20241025,-2.84,trend_break
001360,20241024,20241025,-7.88,stop_loss
000070,20241025,20241028,-0.91,trend_break
000520,20241025,20241028,-1.37,trend_break
001530,20241025,20241028,0.72,trend_break
000100,20241028,20241029,-3.72,trend_break
001360,20241028,20241029,3.03,trend_break
001380,20241025,20241030,-4.21,trend_break
000520,20241029,20241030,-2.26,trend_break
003570,20241010,20241031,-2.0,trend_break
000100,20241030,20241031,-3.82,trend_break
001360,20241030,20241031,-1.26,trend_break
000520,20241031,20241101,-1.34,trend_break
001380,20241031,20241101,-3.52,trend_break
000100,20241101,20241104,1.02,trend_break
001360,20241101,20241104,1.16,trend_break
003570,20241101,20241104,-3.24,trend_break
000520,20241104,20241105,2.99,trend_break
001530,20241029,20241106,1.34,trend_break
000100,20241105,20241106,-4.57,trend_break
001360,20241105,20241106,-1.38,trend_break
000520,20241106,20241107,-4.56,trend_break
001800,20241024,20241108,-1.55,trend_break
003920,20241029,20241108,-7.88,stop_loss
000100,20241107,20241108,-3.89,trend_break
000640,20241014,20241111,3.83,trend_break
004870,20241107,20241111,-7.88,stop_loss
000520,20241108,20241111,-1.55,trend_break
003490,20241028,20241112,-1.06,trend_break
004100,20241105,20241112,-7.88,stop_loss
000100,20241111,20241112,-5.54,trend_break
001800,20241111,20241112,-1.0,trend_break
003540,20241111,20241112,-1.4,trend_break
000520,20241112,20241113,-7.88,stop_loss
004870,20241112,20241113,-5.24,trend_break
001800,20241113,20241114,0.93,trend_break
003490,20241113,20241114,1.95,trend_break
003540,20241113,20241114,-1.35,trend_break
004100,20241113,20241114,-4.16,trend_break
006050,20241113,20241114,-1.67,trend_break
000100,20241114,20241115,-3.28,trend_break
000520,20241114,20241115,-1.36,trend_break
001800,20241115,20241118,-0.94,trend_break
004100,20241115,20241118,-5.09,trend_break
004870,20241115,20241118,-1.4,trend_break
000670,20241107,20241119,-7.88,stop_loss
001260,20241115,20241119,-7.88,stop_loss
000100,20241118,20241119,-4.61,trend_break
000520,20241118,20241119,-2.74,trend_break
002760,20241119,20241120,-2.11,trend_break
003540,20241119,20241120,0.16,trend_break
004100,20241119,20241120,-0.29,trend_break
003690,20241104,20241121,-1.51,trend_break
003920,20241120,20241121,-7.88,stop_loss
000520,20241120,20241121,-4.19,trend_break
000670,20241120,20241121,-4.86,trend_break
005870,20241112,20241122,-2.67,trend_break
001430,20241121,20241122,-5.96,trend_break
002760,20241121,20241122,-1.16,trend_break
001380,20241121,20241125,-7.88,stop_loss
000520,20241122,20241125,-2.62,trend_break
003690,20241122,20241125,-1.0,trend_break
003920,20241122,20241125,4.58,trend_break
001430,20241125,20241126,-1.32,trend_break
002410,20241125,20241126,-7.88,stop_loss
002760,20241125,20241126,2.49,trend_break
000520,20241126,20241127,-4.31,trend_break
001380,20241126,20241127,-2.59,trend_break
003920,20241126,20241127,1.62,trend_break
001430,20241127,20241128,1.46,trend_break
002410,20241127,20241128,-7.88,stop_loss
002760,20241127,20241128,-3.89,trend_break
000670,20241122,20241129,5.95,trend_break
003780,20241128,20241129,-4.04,trend_break
004100,20241128,20241129,-1.36,trend_break
001260,20241120,20241202,0.63,trend_break
004870,20241129,20241202,-6.31,trend_break
001430,20241129,20241203,2.32,trend_break
002410,20241129,20241203,-7.88,stop_loss
003780,20241202,20241203,5.76,trend_break
004100,20241202,20241203,1.03,trend_break
001260,20241203,20241204,-0.75,trend_break
004960,20241203,20241204,-1.5,trend_break
001430,20241204,20241205,-7.88,stop_loss
003780,20241204,20241205,-7.88,stop_loss
003490,20241115,20241206,1.89,trend_break
003920,20241128,20241206,-5.87,trend_break
002410,20241204,20241206,-1.39,trend_break
001260,20241205,20241206,-7.88,stop_loss
000670,20241202,20241209,-0.51,trend_break
000815,20241204,20241209,-7.88,stop_loss
005440,20241205,20241209,-7.24,trend_break
002960,20241206,20241209,-3.89,trend_break
005870,20241206,20241209,-7.88,stop_loss
003920,20241209,20241210,-2.06,trend_break
006805,20241209,20241210,0.61,trend_break
001260,20241209,20241211,5.87,trend_break
000670,20241210,20241211,0.45,trend_break
000815,20241210,20241211,1.37,trend_break
003490,20241210,20241211,2.98,trend_break
005440,20241210,20241211,1.79,trend_break
005870,20241210,20241211,8.87,trend_break
003920,20241211,20241212,0.32,trend_break
003780,20241211,20241213,-7.88,stop_loss
000670,20241212,20241213,-3.46,trend_break
000815,20241212,20241213,-0.81,trend_break
001260,20241212,20241213,-7.88,stop_loss
003490,20241212,20241213,-0.02,trend_break
002070,20241213,20241216,-7.88,stop_loss
004770,20241212,20241217,-7.88,stop_loss
000670,20241216,20241217,-3.41,trend_break
000815,20241216,20241217,-4.15,trend_break
001260,20241216,20241217,-7.88,stop_loss
002630,20241216,20241217,-7.88,stop_loss
000150,20241217,20241218,-7.88,stop_loss
002410,20241209,20241219,19.64,trend_break
000670,20241218,20241219,-0.38,trend_break
002070,20241218,20241219,-7.88,stop_loss
002630,20241218,20241219,-7.88,stop_loss
005440,20241212,20241220,1.52,trend_break
002900,20241216,20241223,-7.88,stop_loss
000670,20241220,20241223,2.98,trend_break
002070,20241220,20241223,-4.81,trend_break
001260,20241218,20241224,-3.32,trend_break
000910,20241220,20241224,-3.67,trend_break
000670,20241224,20241226,-0.63,trend_break
002070,20241224,20241226,0.61,trend_break
000910,20241226,20241227,-4.07,trend_break
001260,20241226,20241227,-2.01,trend_break
000240,20241220,20241230,-6.75,trend_break
000670,20241227,20241230,-4.48,trend_break
000910,20241230,20250102,2.44,trend_break
000240,20250102,20250103,0.08,trend_break
000670,20250102,20250103,-2.03,trend_break
002290,20241224,20250106,-7.88,stop_loss
000240,20250106,20250107,-0.57,trend_break
001260,20241230,20250108,2.18,trend_break
002070,20250107,20250108,-0.31,trend_break
000240,20250108,20250109,-1.34,trend_break
001380,20241227,20250110,0.23,trend_break
002290,20250109,20250110,-2.69,trend_break
003780,20241218,20250113,-0.19,trend_break
000240,20250110,20250113,4.13,trend_break
001260,20250109,20250114,0.37,trend_break
001380,20250113,20250114,5.0,trend_break
002290,20250113,20250114,-0.76,trend_break
002410,20250114,20250115,-7.88,stop_loss
002630,20250114,20250115,-7.88,stop_loss
000240,20250115,20250116,-2.65,trend_break
002290,20250115,20250116,-1.67,trend_break
002630,20250116,20250117,-7.88,stop_loss
001210,20250117,20250120,-7.88,stop_loss
001470,20250120,20250121,-7.88,stop_loss
000910,20250103,20250122,3.05,trend_break
002410,20250116,20250123,-7.88,stop_loss
000910,20250123,20250124,-0.44,trend_break
000150,20241219,20250131,13.34,trend_break
000500,20241223,20250131,19.84,trend_break
000660,20250117,20250131,-5.51,trend_break
001210,20250124,20250131,-7.88,stop_loss
001530,20241126,20250203,20.45,trend_break
001380,20250115,20250203,-6.15,trend_break
000490,20250121,20250203,-7.88,stop_loss
000100,20250122,20250203,-7.88,stop_loss
000150,20250203,20250204,-0.45,trend_break
000500,20250203,20250204,-0.8,trend_break
000660,20250203,20250204,-0.84,trend_break
001210,20250203,20250204,-3.68,trend_break
002410,20250204,20250205,-1.34,trend_break
002630,20250204,20250205,-4.7,trend_break
001380,20250204,20250206,3.58,trend_break
000150,20250205,20250206,5.39,trend_break
000500,20250205,20250206,0.73,trend_break
000660,20250205,20250206,5.38,trend_break
001210,20250205,20250206,5.6,trend_break
000155,20250106,20250207,6.49,trend_break
001530,20250206,20250207,-7.88,stop_loss
000500,20250207,20250210,-2.49,trend_break
000660,20250207,20250210,-3.97,trend_break
001210,20250207,20250210,-7.88,stop_loss
001380,20250207,20250210,-1.85,trend_break
001530,20250210,20250211,0.79,trend_break
000500,20250211,20250212,-1.66,trend_break
002630,20250211,20250212,-2.43,trend_break
001530,20250212,20250213,2.72,trend_break
000500,20250213,20250214,-3.86,trend_break
000250,20250217,20250218,3.16,trend_break
000910,20250131,20250219,11.3,trend_break
000490,20250204,20250220,6.71,trend_break
002410,20250206,20250220,-0.47,trend_break
002900,20250211,20250220,-6.82,trend_break
000250,20250219,20250221,-0.79,trend_break
000910,20250220,20250221,2.08,trend_break
000490,20250221,20250224,1.02,trend_break
000910,20250224,20250225,-3.83,trend_break
000150,20250207,20250228,10.89,trend_break
000155,20250210,20250228,8.21,trend_break
000810,20250221,20250228,-4.02,trend_break
000490,20250225,20250228,-1.77,trend_break
000250,20250224,20250304,0.42,trend_break
000680,20250226,20250304,-7.88,stop_loss
000490,20250304,20250305,9.93,trend_break
000910,20250304,20250305,-7.88,stop_loss
002630,20250213,20250307,11.75,trend_break
000815,20250221,20250307,-3.99,trend_break
000155,20250304,20250307,1.02,trend_break
000810,20250304,20250307,-2.07,trend_break
000680,20250305,20250307,-4.57,trend_break
000490,20250306,20250307,-4.38,trend_break
000910,20250306,20250307,-5.4,trend_break
000490,20250310,20250311,-0.8,trend_break
000680,20250310,20250311,1.15,trend_break
000910,20250310,20250311,-2.92,trend_break
000990,20250310,20250311,5.61,trend_break
000810,20250310,20250313,4.35,trend_break
000815,20250310,20250313,0.06,trend_break
000490,20250312,20250313,0.02,trend_break
000720,20250312,20250313,-6.56,trend_break
000910,20250312,20250313,-2.63,trend_break
000680,20250312,20250314,5.18,trend_break
000720,20250314,20250317,0.75,trend_break
000810,20250314,20250317,-1.01,trend_break
000815,20250314,20250317,-1.48,trend_break
000250,20250305,20250318,3.09,trend_break
000680,20250317,20250318,-3.9,trend_break
000490,20250314,20250319,-2.41,trend_break
000910,20250318,20250319,-1.94,trend_break
000680,20250319,20250320,-3.52,trend_break
002020,20250319,20250320,-7.88,stop_loss
000880,20250214,20250321,-2.39,trend_break
000490,20250320,20250321,-7.88,stop_loss
002630,20250320,20250321,-7.88,stop_loss
003030,20250211,20250324,17.46,trend_break
000680,20250321,20250324,-3.87,trend_break
001680,20250310,20250325,-1.64,trend_break
000815,20250318,20250325,-3.54,trend_break
000990,20250318,20250325,-6.63,trend_break
000490,20250324,20250325,-1.8,trend_break
000880,20250324,20250325,1.17,trend_break
002380,20250324,20250325,-1.17,trend_break
000680,20250325,20250326,-3.06,trend_break
003030,20250325,20250326,-7.88,stop_loss
000670,20250314,20250327,-7.88,stop_loss
002020,20250321,20250327,-7.88,stop_loss
000490,20250326,20250327,-2.73,trend_break
000815,20250326,20250327,-3.45,trend_break
000880,20250326,20250327,-2.99,trend_break
000990,20250326,20250327,-2.06,trend_break
001680,20250326,20250327,-2.26,trend_break
000680,20250327,20250328,-3.26,trend_break
003030,20250327,20250328,-5.32,trend_break
001040,20250326,20250331,-7.88,stop_loss
000120,20250328,20250331,0.54,trend_break
000670,20250328,20250331,-7.88,stop_loss
000815,20250328,20250331,-2.07,trend_break
000880,20250328,20250331,-3.34,trend_break
000990,20250328,20250331,-3.78,trend_break
001680,20250328,20250331,-1.91,trend_break
002020,20250328,20250331,-7.88,stop_loss
003030,20250331,20250401,2.9,trend_break
003230,20250331,20250401,1.53,trend_break
000120,20250401,20250402,-2.24,trend_break
000670,20250401,20250402,-1.48,trend_break
000815,20250401,20250402,1.2,trend_break
000880,20250401,20250402,-0.63,trend_break
000990,20250401,20250402,0.29,trend_break
001680,20250401,20250402,2.36,trend_break
002020,20250401,20250402,-5.85,trend_break
003030,20250402,20250403,-2.76,trend_break
003230,20250402,20250403,-2.02,trend_break
000670,20250403,20250404,-7.88,stop_loss
000880,20250403,20250404,-0.98,trend_break
000990,20250403,20250404,-2.97,trend_break
001680,20250403,20250404,-1.49,trend_break
002020,20250403,20250404,5.03,trend_break
003240,20250403,20250404,4.73,trend_break
001040,20250401,20250407,3.36,trend_break
000120,20250403,20250407,1.14,trend_break
002630,20250404,20250407,-7.88,stop_loss
003030,20250404,20250407,-7.88,stop_loss
000670,20250407,20250408,-6.0,trend_break
000880,20250407,20250408,-0.01,trend_break
001680,20250407,20250408,-1.53,trend_break
002020,20250407,20250408,2.98,trend_break
003230,20250407,20250408,4.17,trend_break
003570,20250407,20250408,3.28,trend_break
000155,20250408,20250409,-0.3,trend_break
001040,20250408,20250409,-7.88,stop_loss
003030,20250408,20250409,4.13,trend_break
004020,20250408,20250409,-5.42,trend_break
000670,20250409,20250410,4.91,trend_break
001680,20250409,20250410,0.97,trend_break
002020,20250409,20250410,7.57,trend_break
002290,20250409,20250410,-7.88,stop_loss
001040,20250410,20250411,-5.05,trend_break
002380,20250410,20250411,-1.85,trend_break
003030,20250410,20250411,0.93,trend_break
000545,20250409,20250414,-7.88,stop_loss
000670,20250411,20250414,1.16,trend_break
001680,20250411,20250414,2.81,trend_break
002290,20250411,20250414,-7.88,stop_loss
001040,20250414,20250415,-1.48,trend_break
000545,20250415,20250416,-7.88,stop_loss
002290,20250415,20250416,3.1,trend_break
004020,20250415,20250416,-2.96,trend_break
003310,20250414,20250417,-7.88,stop_loss
001040,20250416,20250417,2.53,trend_break
002290,20250417,20250418,0.2,trend_break
004100,20250417,20250418,-7.88,stop_loss
002020,20250411,20250421,-3.49,trend_break
001040,20250418,20250421,-5.36,trend_break
004100,20250421,20250422,-7.88,stop_loss
001000,20250409,20250423,-0.31,trend_break
000545,20250417,20250423,-7.88,stop_loss
003310,20250421,20250423,-7.88,stop_loss
001795,20250422,20250423,-7.88,stop_loss
000545,20250424,20250425,-7.88,stop_loss
002020,20250423,20250428,-7.88,stop_loss
000545,20250428,20250429,-7.88,stop_loss
001790,20250422,20250430,-7.88,stop_loss
000545,20250430,20250502,-7.88,stop_loss
001795,20250424,20250507,-7.88,stop_loss
001000,20250424,20250508,6.71,trend_break
003570,20250414,20250513,3.1,trend_break
000970,20250429,20250515,-2.96,trend_break
000050,20250508,20250515,4.68,trend_break
001680,20250415,20250516,-1.07,trend_break
001550,20250424,20250519,-1.38,trend_break
001210,20250502,20250519,-0.11,trend_break
000050,20250516,20250519,-4.26,trend_break
000050,20250520,20250521,1.19,trend_break
000970,20250520,20250521,0.39,trend_break
000050,20250522,20250523,-0.49,trend_break
000970,20250522,20250523,1.12,trend_break
000050,20250526,20250527,-3.12,trend_break
000970,20250526,20250527,-0.77,trend_break
000050,20250528,20250529,5.76,trend_break
000970,20250528,20250529,-0.2,trend_break
000050,20250530,20250602,0.17,trend_break
000970,20250530,20250602,-2.05,trend_break
000210,20250520,20250619,8.01,trend_break
000540,20250519,20250623,8.79,trend_break
000640,20250604,20250625,1.73,trend_break
000155,20250507,20250626,115.79,trend_break
000157,20250514,20250626,58.7,trend_break
000050,20250604,20250626,0.81,trend_break
000080,20250624,20250627,-1.6,trend_break
000140,20250626,20250627,-3.8,trend_break
000050,20250627,20250630,-1.66,trend_break
000155,20250627,20250630,-4.53,trend_break
000157,20250627,20250630,-7.88,stop_loss
000720,20250418,20250702,87.87,trend_break
000150,20250516,20250702,43.43,trend_break
000050,20250701,20250702,-1.14,trend_break
000155,20250701,20250702,-7.88,stop_loss
000157,20250701,20250702,-7.88,stop_loss
000880,20250509,20250703,78.99,trend_break
003230,20250410,20250704,47.49,trend_break
000070,20250620,20250704,-2.22,trend_break
000140,20250630,20250704,3.42,trend_break
000050,20250703,20250704,-3.19,trend_break
000150,20250703,20250704,-6.36,trend_break
000155,20250703,20250704,-7.88,stop_loss
000157,20250703,20250704,-2.24,trend_break
000050,20250707,20250708,1.22,trend_break
000150,20250707,20250708,12.05,trend_break
000155,20250707,20250708,14.28,trend_break
000157,20250707,20250708,17.92,trend_break
000150,20250709,20250710,-2.57,trend_break
000155,20250709,20250710,-6.12,trend_break
000157,20250709,20250710,0.2,trend_break
000150,20250711,20250714,-7.88,stop_loss
000155,20250711,20250714,4.08,trend_break
000157,20250711,20250714,-2.46,trend_break
000150,20250715,20250716,1.79,trend_break
000370,20250715,20250717,-7.88,stop_loss
000320,20250707,20250718,7.5,trend_break
000150,20250717,20250718,-2.28,trend_break
000080,20250630,20250721,3.29,trend_break
000140,20250707,20250721,3.61,trend_break
000370,20250718,20250721,-7.88,stop_loss
000070,20250707,20250722,4.77,trend_break
000155,20250715,20250722,-5.53,trend_break
000320,20250721,20250722,-2.3,trend_break
000440,20250721,20250722,-1.91,trend_break
000230,20250709,20250723,-7.88,stop_loss
000080,20250722,20250723,-2.04,trend_break
000140,20250722,20250723,-3.6,trend_break
000070,20250723,20250724,-4.53,trend_break
000320,20250723,20250724,-3.79,trend_break
000370,20250723,20250724,-5.25,trend_break
000440,20250723,20250724,-3.97,trend_break
000080,20250724,20250725,-2.54,trend_break
000140,20250724,20250725,-1.0,trend_break
000230,20250724,20250725,-7.88,stop_loss
000040,20250725,20250728,-7.88,stop_loss
000070,20250725,20250728,-3.65,trend_break
000320,20250725,20250728,-2.38,trend_break
000370,20250725,20250728,-3.47,trend_break
000240,20250704,20250729,10.81,trend_break
000080,20250728,20250729,-1.84,trend_break
000140,20250728,20250729,-2.21,trend_break
000230,20250728,20250729,-3.79,trend_break
000210,20250703,20250730,1.47,trend_break
000070,20250729,20250730,-2.25,trend_break
000320,20250729,20250730,-3.07,trend_break
000370,20250729,20250730,-1.77,trend_break
000080,20250730,20250731,-0.38,trend_break
000140,20250730,20250731,-1.76,trend_break
000230,20250730,20250731,-5.13,trend_break
000270,20250722,20250801,0.97,trend_break
000240,20250730,20250801,-1.7,trend_break
000070,20250731,20250801,-6.81,trend_break
000210,20250731,20250801,-7.88,stop_loss
000320,20250731,20250801,-3.11,trend_break
000370,20250731,20250801,-7.88,stop_loss
000080,20250801,20250804,-1.52,trend_break
000140,20250801,20250804,-0.15,trend_break
000230,20250801,20250804,-2.16,trend_break
000070,20250804,20250805,4.48,trend_break
000210,20250804,20250805,-0.41,trend_break
000240,20250804,20250805,3.26,trend_break
000270,20250804,20250805,0.06,trend_break
000370,20250804,20250805,3.37,trend_break
000540,20250804,20250805,4.24,trend_break
000080,20250805,20250806,-0.38,trend_break
000230,20250805,20250806,0.92,trend_break
000545,20250805,20250806,-1.69,trend_break
000070,20250806,20250807,1.75,trend_break
000210,20250806,20250807,1.89,trend_break
000240,20250806,20250807,-0.42,trend_break
000270,20250806,20250807,-0.14,trend_break
000370,20250806,20250807,4.55,trend_break
000540,20250806,20250807,-0.29,trend_break
000080,20250807,20250808,-1.37,trend_break
000230,20250807,20250808,0.66,trend_break
000670,20250807,20250808,0.09,trend_break
000070,20250808,20250811,-2.03,trend_break
000210,20250808,20250811,-7.88,stop_loss
000240,20250808,20250811,-0.63,trend_break
000270,20250808,20250811,-1.31,trend_break
000370,20250808,20250811,-5.54,trend_break
000540,20250808,20250811,-3.45,trend_break
000080,20250811,20250812,-2.17,trend_break
000230,20250811,20250812,-3.4,trend_break
000670,20250811,20250812,-2.4,trend_break
000070,20250812,20250813,-2.95,trend_break
000210,20250812,20250813,-3.48,trend_break
000240,20250812,20250813,2.16,trend_break
000320,20250812,20250813,-7.88,stop_loss
000540,20250812,20250813,-0.86,trend_break
000040,20250729,20250814,9.75,trend_break
000080,20250813,20250814,-1.94,trend_break
000680,20250813,20250814,-2.0,trend_break
000880,20250813,20250814,0.45,trend_break
000270,20250812,20250818,0.45,trend_break
000210,20250814,20250818,-3.14,trend_break
000250,20250814,20250818,-6.22,trend_break
001120,20250814,20250818,-1.47,trend_break
001210,20250814,20250818,-0.27,trend_break
000040,20250818,20250819,1.0,trend_break
000880,20250818,20250819,-5.04,trend_break
001270,20250818,20250819,0.49,trend_break
000240,20250819,20250820,-1.75,trend_break
001120,20250819,20250820,-1.64,trend_break
001210,20250819,20250820,0.44,trend_break
001430,20250819,20250820,-7.88,stop_loss
001270,20250820,20250821,-2.53,trend_break
001740,20250820,20250821,0.04,trend_break
000240,20250821,20250822,-3.57,trend_break
001120,20250821,20250822,1.25,trend_break
001430,20250821,20250822,0.85,trend_break
002020,20250821,20250822,0.72,trend_break
002380,20250822,20250825,2.09,trend_break
000270,20250819,20250826,-0.14,trend_break
001740,20250822,20250826,-1.62,trend_break
000240,20250825,20250826,6.55,trend_break
001430,20250825,20250826,-0.45,trend_break
003350,20250825,20250826,-1.3,trend_break
000680,20250818,20250827,-2.94,trend_break
000040,20250820,20250828,-2.05,trend_break
001000,20250826,20250828,-7.88,stop_loss
001430,20250827,20250828,-1.34,trend_break
003350,20250827,20250828,-3.16,trend_break
003490,20250827,20250828,-4.05,trend_break
003670,20250827,20250828,-7.88,stop_loss
002900,20250825,20250901,-2.55,trend_break
000680,20250828,20250901,-0.01,trend_break
000040,20250829,20250901,-2.07,trend_break
003670,20250829,20250901,-6.12,trend_break
001000,20250829,20250902,-4.83,trend_break
000040,20250902,20250903,-4.85,trend_break
000680,20250902,20250903,-3.2,trend_break
002900,20250902,20250903,1.85,trend_break
003670,20250902,20250903,-4.26,trend_break
001530,20250904,20250905,-7.88,stop_loss
003670,20250904,20250905,-5.24,trend_break
003670,20250908,20250909,1.04,trend_break
004310,20250904,20250911,-0.76,trend_break
000270,20250827,20250915,-1.98,trend_break
000320,20250814,20250917,21.77,trend_break
002900,20250904,20250917,-0.12,trend_break
000270,20250916,20250917,-1.31,trend_break
003230,20250908,20250919,-0.31,trend_break
000270,20250918,20250919,-0.53,trend_break
000320,20250918,20250919,-7.88,stop_loss
003720,20250829,20250922,1.4,trend_break
000270,20250922,20250923,0.64,trend_break
000320,20250922,20250923,-5.41,trend_break
001270,20250829,20250924,-1.53,trend_break
003680,20250829,20250924,-0.26,trend_break
002380,20250903,20250924,-7.88,stop_loss
000230,20250922,20250924,-7.88,stop_loss
000990,20250923,20250925,-7.88,stop_loss
000270,20250924,20250925,-1.5,trend_break
001820,20250910,20250926,-3.68,trend_break
000320,20250925,20250926,-7.88,stop_loss
001040,20250925,20250926,-5.39,trend_break
001270,20250925,20250926,0.14,trend_break
001290,20250926,20250929,-7.88,stop_loss
000250,20250912,20250930,0.3,trend_break
000320,20250929,20250930,-0.44,trend_break
001040,20250929,20250930,-1.01,trend_break
001045,20250929,20251001,-0.73,trend_break
000250,20251001,20251002,-1.54,trend_break
000320,20251001,20251002,-2.55,trend_break
001040,20251002,20251010,-5.36,trend_break
000230,20250925,20251013,2.43,trend_break
000250,20251010,20251013,-6.61,trend_break
001120,20251010,20251013,-0.3,trend_break
000990,20250926,20251014,-2.91,trend_break
001040,20251013,20251014,-1.39,trend_break
000230,20251014,20251015,-2.22,trend_break
000250,20251014,20251015,-3.58,trend_break
001040,20251015,20251016,-0.69,trend_break
000400,20250929,20251017,-4.59,trend_break
000440,20251014,20251017,-2.4,trend_break
000230,20251016,20251017,-7.88,stop_loss
000250,20251016,20251017,-2.81,trend_break
001040,20251017,20251020,0.61,trend_break
000990,20251015,20251021,0.79,trend_break
000230,20251020,20251021,-0.04,trend_break
000400,20251020,20251021,-0.05,trend_break
001040,20251021,20251022,1.35,trend_break
001290,20251020,20251023,1.84,trend_break
000230,20251022,20251023,-3.31,trend_break
000670,20251001,20251027,-1.93,trend_break
000230,20251024,20251027,3.99,trend_break
000400,20251024,20251029,-0.27,trend_break
000230,20251028,20251029,-4.7,trend_break
001080,20250930,20251030,11.55,trend_break
000400,20251030,20251031,-4.06,trend_break
000880,20251030,20251031,-7.88,stop_loss
001270,20251020,20251104,4.25,trend_break
000400,20251103,20251104,-7.88,stop_loss
000270,20251023,20251105,-5.16,trend_break
000990,20251031,20251105,-7.88,stop_loss
000880,20251103,20251105,-7.88,stop_loss
000250,20251105,20251106,-7.88,stop_loss
000400,20251105,20251106,2.55,trend_break
000270,20251106,20251107,-2.75,trend_break
000880,20251106,20251107,-5.31,trend_break
001080,20251106,20251107,1.46,trend_break
000230,20251107,20251110,-7.88,stop_loss
000250,20251107,20251110,-3.34,trend_break
000400,20251110,20251111,-4.39,trend_break
000880,20251110,20251111,2.4,trend_break
000400,20251112,20251113,3.47,trend_break
000880,20251112,20251113,-2.78,trend_break
000150,20251022,20251114,21.66,trend_break
000400,20251114,20251117,-2.2,trend_break
000270,20251110,20251118,2.05,trend_break
000250,20251111,20251118,2.13,trend_break
000810,20251114,20251118,-7.88,stop_loss
000660,20250918,20251119,64.98,trend_break
000150,20251117,20251119,-4.22,trend_break
000250,20251119,20251120,-0.18,trend_break
000270,20251119,20251120,-2.6,trend_break
000810,20251119,20251120,-1.99,trend_break
000155,20251022,20251121,23.37,trend_break
000150,20251120,20251121,-7.88,stop_loss
000660,20251120,20251121,-7.88,stop_loss
000070,20250924,20251124,-7.88,stop_loss
000157,20251121,20251124,-7.88,stop_loss
000270,20251121,20251124,-1.34,trend_break
000990,20251121,20251124,-4.1,trend_break
000150,20251124,20251125,-7.88,stop_loss
000155,20251124,20251125,-7.88,stop_loss
000660,20251124,20251125,-2.87,trend_break
000070,20251125,20251126,-3.64,trend_break
000270,20251125,20251126,0.26,trend_break
000150,20251126,20251127,6.94,trend_break
000155,20251126,20251127,2.64,trend_break
000660,20251126,20251127,5.38,trend_break
000070,20251127,20251128,-1.28,trend_break
000270,20251127,20251128,0.34,trend_break
000230,20251111,20251201,4.04,trend_break
000150,20251128,20251201,-7.88,stop_loss
000155,20251128,20251201,-5.24,trend_break
000650,20251128,20251201,-7.88,stop_loss
000070,20251201,20251202,2.15,trend_break
000660,20251201,20251202,2.3,trend_break
000155,20251202,20251203,5.36,trend_break
000230,20251202,20251203,-0.4,trend_break
001080,20251202,20251203,0.17,trend_break
001000,20251125,20251204,1.45,trend_break
000070,20251203,20251204,-0.31,trend_break
000660,20251203,20251204,-2.07,trend_break
000155,20251204,20251205,-2.09,trend_break
000230,20251204,20251205,-7.88,stop_loss
000760,20251204,20251205,-7.88,stop_loss
000070,20251205,20251208,-3.79,trend_break
001000,20251205,20251208,-4.88,trend_break
000230,20251208,20251209,2.84,trend_break
001450,20251208,20251209,-3.75,trend_break
000240,20251118,20251210,1.97,trend_break
000070,20251209,20251210,-1.92,trend_break
000810,20251210,20251212,-3.3,trend_break
000240,20251211,20251212,-5.82,trend_break
000670,20251028,20251216,26.39,trend_break
000240,20251215,20251216,-2.91,trend_break
000230,20251210,20251217,4.5,trend_break
000650,20251202,20251218,-7.88,stop_loss
000760,20251208,20251218,-7.88,stop_loss
000240,20251217,20251218,2.84,trend_break
000670,20251217,20251218,-4.74,trend_break
000120,20251215,20251222,-0.84,trend_break
000230,20251218,20251222,-1.51,trend_break
000240,20251219,20251222,0.11,trend_break
000650,20251219,20251222,-7.88,stop_loss
000670,20251219,20251222,-0.98,trend_break
000760,20251219,20251222,-4.29,trend_break
001060,20251125,20251224,5.67,trend_break
000120,20251223,20251224,-0.94,trend_break
000250,20251223,20251224,-7.88,stop_loss
000670,20251223,20251224,-7.88,stop_loss
000760,20251223,20251224,-3.4,trend_break
001390,20251205,20251226,-0.63,trend_break
000270,20251209,20251226,-4.46,trend_break
000230,20251223,20251226,-1.73,trend_break
000650,20251223,20251226,29.61,trend_break
000120,20251226,20251229,-3.73,trend_break
000670,20251226,20251229,-3.88,trend_break
000760,20251226,20251229,-4.6,trend_break
000810,20251226,20251229,-0.83,trend_break
000850,20251211,20251230,-0.77,trend_break
000230,20251229,20251230,-1.74,trend_break
000650,20251229,20251230,-6.34,trend_break
000120,20251230,20260102,1.29,trend_break
000670,20251230,20260102,-7.88,stop_loss
000760,20251230,20260102,-0.14,trend_break
000810,20251230,20260102,0.48,trend_break
000050,20251226,20260105,-7.88,stop_loss
000230,20260102,20260105,-0.33,trend_break
000650,20260102,20260105,-7.88,stop_loss
000120,20260105,20260106,-2.39,trend_break
000390,20260105,20260106,-7.88,stop_loss
000670,20260105,20260106,-0.19,trend_break
000760,20260105,20260106,-4.87,trend_break
000815,20251229,20260107,0.04,trend_break
000850,20260102,20260107,-3.68,trend_break
000050,20260106,20260107,-4.54,trend_break
000120,20260107,20260108,-0.2,trend_break
000390,20260107,20260108,-4.58,trend_break
000650,20260107,20260108,-7.88,stop_loss
000230,20260106,20260109,0.61,trend_break
000050,20260108,20260109,-0.28,trend_break
000670,20260108,20260109,-2.25,trend_break
000810,20260108,20260109,-2.8,trend_break
000390,20260109,20260112,-0.78,trend_break
000650,20260109,20260112,-7.88,stop_loss
000050,20260112,20260113,-3.41,trend_break
000230,20260112,20260113,-7.88,stop_loss
000390,20260113,20260114,-1.67,trend_break
000810,20260113,20260114,-0.63,trend_break
000050,20260114,20260115,1.53,trend_break
000230,20260114,20260115,-1.93,trend_break
000390,20260115,20260116,0.72,trend_break
000230,20260116,20260119,-2.1,trend_break
000810,20260116,20260119,-0.53,trend_break
000390,20260119,20260120,-1.36,trend_break
000390,20260121,20260122,-1.37,trend_break
000500,20260115,20260126,-5.76,trend_break
000390,20260123,20260126,1.33,trend_break
000390,20260127,20260128,-1.66,trend_break
000500,20260127,20260128,-3.49,trend_break
000500,20260129,20260130,0.99,trend_break
000810,20260120,20260202,-0.01,trend_break
000440,20260202,20260203,-6.35,trend_break
000500,20260203,20260205,2.86,trend_break
000270,20260112,20260206,10.99,trend_break
000860,20260120,20260206,-4.6,trend_break
000725,20260204,20260206,-7.88,stop_loss
000050,20260206,20260209,-7.88,stop_loss
000270,20260209,20260210,0.02,trend_break
000650,20260209,20260210,-2.77,trend_break
000990,20251229,20260211,38.29,trend_break
000440,20260211,20260213,-4.63,trend_break
000390,20260129,20260227,29.17,trend_break
000050,20260210,20260227,-1.11,trend_break
000490,20260212,20260303,-7.88,stop_loss
000660,20260107,20260304,11.01,trend_break
000120,20260109,20260304,16.57,trend_break
000210,20260209,20260304,-7.88,stop_loss
000270,20260211,20260304,-0.44,trend_break
000370,20260219,20260304,-7.88,stop_loss
000050,20260303,20260304,-7.88,stop_loss
000150,20260303,20260304,-7.88,stop_loss
000050,20260305,20260306,4.31,trend_break
000120,20260305,20260306,1.67,trend_break
000210,20260305,20260306,-0.63,trend_break
000240,20260305,20260306,-0.63,trend_break
000270,20260305,20260306,-3.29,trend_break
000370,20260305,20260306,6.42,trend_break
000157,20260304,20260309,-7.88,stop_loss
000050,20260309,20260310,-1.95,trend_break
000120,20260309,20260310,1.6,trend_break
000210,20260309,20260310,3.59,trend_break
000240,20260309,20260310,3.07,trend_break
000270,20260309,20260310,5.19,trend_break
000370,20260309,20260310,1.83,trend_break
000050,20260311,20260312,3.45,trend_break
000120,20260311,20260312,-0.97,trend_break
000210,20260311,20260312,1.3,trend_break
000240,20260311,20260312,-1.01,trend_break
000270,20260311,20260312,-1.8,trend_break
000370,20260311,20260312,-1.88,trend_break
000390,20260305,20260313,25.54,trend_break
000050,20260313,20260316,-3.49,trend_break
000120,20260313,20260316,-3.27,trend_break
000210,20260313,20260316,0.04,trend_break
000240,20260313,20260316,0.18,trend_break
000270,20260313,20260316,-0.26,trend_break
000370,20260313,20260316,-0.78,trend_break
000120,20260317,20260318,5.36,trend_break
000370,20260317,20260318,3.12,trend_break
000490,20260317,20260318,0.06,trend_break
000540,20260317,20260318,4.9,trend_break
000810,20260317,20260318,4.45,trend_break
000370,20260319,20260320,1.36,trend_break
000490,20260319,20260320,1.16,trend_break
000540,20260319,20260320,0.61,trend_break
001060,20260319,20260320,2.42,trend_break
001040,20260319,20260323,-2.18,trend_break
000720,20260112,20260324,90.97,trend_break
000440,20260310,20260324,-7.88,stop_loss
000370,20260323,20260324,-3.35,trend_break
000540,20260323,20260324,-4.15,trend_break
001060,20260323,20260324,-2.24,trend_break
000400,20260324,20260325,-1.1,trend_break
000370,20260325,20260326,-0.63,trend_break
000440,20260325,20260326,-1.41,trend_break
000540,20260325,20260326,-3.85,trend_break
000720,20260325,20260326,-1.4,trend_break
000390,20260316,20260330,-1.05,trend_break
001120,20260323,20260330,-7.88,stop_loss
001040,20260325,20260330,-7.88,stop_loss
000370,20260327,20260330,-1.8,trend_break
000440,20260327,20260330,-7.11,trend_break
000720,20260327,20260330,0.05,trend_break
001200,20260327,20260330,-2.89,trend_break
000250,20260106,20260331,230.84,trend_break
000400,20260326,20260331,-4.22,trend_break
000390,20260331,20260401,0.89,trend_break
000440,20260331,20260401,-7.88,stop_loss
001200,20260331,20260401,2.71,trend_break
000720,20260331,20260402,-0.43,trend_break
001230,20260331,20260402,1.3,trend_break
000250,20260401,20260402,-7.88,stop_loss
000400,20260401,20260402,-0.14,trend_break
000390,20260402,20260403,-7.04,trend_break
000440,20260402,20260403,6.1,trend_break
001290,20260402,20260403,-7.88,stop_loss
000250,20260403,20260406,-7.88,stop_loss
000400,20260403,20260406,-2.79,trend_break
000720,20260403,20260406,-1.92,trend_break
000390,20260406,20260407,-3.74,trend_break
000440,20260406,20260407,1.04,trend_break
001290,20260406,20260407,-6.21,trend_break
001120,20260331,20260408,-4.36,trend_break
000250,20260407,20260408,-7.88,stop_loss
001510,20260407,20260408,-0.63,trend_break
000390,20260408,20260409,1.04,trend_break
000440,20260408,20260409,3.4,trend_break
001290,20260408,20260409,-1.71,trend_break
000250,20260409,20260410,-7.88,stop_loss
001120,20260409,20260410,0.86,trend_break
000390,20260410,20260413,-0.63,trend_break
000440,20260410,20260413,8.56,trend_break
001290,20260410,20260413,-3.69,trend_break
000250,20260413,20260414,6.32,trend_break
001360,20260413,20260414,-0.13,trend_break
000440,20260414,20260415,-2.44,trend_break
001290,20260414,20260415,3.08,trend_break
000250,20260415,20260416,-4.23,trend_break
001510,20260415,20260416,-0.63,trend_break
001290,20260416,20260417,-7.88,stop_loss
001515,20260416,20260417,-0.63,trend_break
000390,20260414,20260420,-4.13,trend_break
000250,20260417,20260420,-7.51,trend_break
001510,20260420,20260421,-0.63,trend_break
000400,20260407,20260422,2.28,trend_break
000720,20260409,20260422,-7.88,stop_loss
000250,20260421,20260422,-7.88,stop_loss
001230,20260403,20260424,-7.88,stop_loss
000720,20260423,20260428,-4.13,trend_break
000725,20260417,20260430,-4.24,trend_break
000400,20260423,20260430,-0.63,trend_break
000390,20260421,20260504,-2.0,trend_break
000210,20260317,20260506,42.89,trend_break
000500,20260422,20260507,-7.88,stop_loss
000400,20260504,20260507,-2.5,trend_break
000210,20260507,20260508,-7.88,stop_loss
000400,20260508,20260511,-3.26,trend_break
000500,20260508,20260511,-7.88,stop_loss
001290,20260420,20260512,8.47,trend_break
000670,20260504,20260512,-7.88,stop_loss
000155,20260506,20260512,-7.88,stop_loss
000210,20260511,20260512,-3.9,trend_break
001250,20260331,20260513,54.66,trend_break
000400,20260512,20260513,-3.14,trend_break
000500,20260512,20260513,-7.88,stop_loss
000210,20260513,20260514,-1.43,trend_break
000670,20260513,20260514,-5.45,trend_break
000680,20260513,20260514,0.69,trend_break
000500,20260514,20260515,-7.88,stop_loss
000150,20260429,20260518,0.7,trend_break
000155,20260513,20260518,-7.88,stop_loss
000880,20260514,20260518,-7.88,stop_loss
001200,20260514,20260518,-7.88,stop_loss
000210,20260515,20260518,-7.88,stop_loss
000490,20260515,20260518,-7.88,stop_loss
000670,20260515,20260518,-7.88,stop_loss
000990,20260423,20260519,18.42,trend_break
000150,20260519,20260520,-7.88,stop_loss
000155,20260519,20260520,-7.88,stop_loss
000670,20260519,20260520,-7.88,stop_loss
000680,20260519,20260520,-6.23,trend_break
000880,20260519,20260520,-7.88,stop_loss
001200,20260519,20260520,-7.88,stop_loss
001250,20260519,20260520,-6.05,trend_break
000150,20260521,20260522,0.27,trend_break
000155,20260521,20260522,3.42,trend_break
000670,20260521,20260522,1.8,trend_break
000680,20260521,20260522,1.74,trend_break
001200,20260521,20260522,1.28,trend_break
001250,20260521,20260522,-1.99,trend_break
000155,20260526,20260527,-3.8,trend_break
000670,20260526,20260527,-7.88,stop_loss
000680,20260526,20260527,-7.88,stop_loss
001200,20260526,20260527,-7.88,stop_loss
000500,20260518,20260528,4.26,trend_break
000400,20260526,20260528,-7.88,stop_loss
000880,20260521,20260529,5.78,trend_break
000370,20260528,20260529,-7.88,stop_loss
000670,20260528,20260529,-2.33,trend_break
000680,20260528,20260529,-7.88,stop_loss
001120,20260528,20260529,-3.28,trend_break
000400,20260529,20260601,-7.88,stop_loss
000500,20260529,20260601,5.08,trend_break
000990,20260520,20260602,6.64,trend_break
000670,20260601,20260602,-3.51,trend_break
000880,20260601,20260602,-7.88,stop_loss
001250,20260601,20260602,-7.88,stop_loss
001440,20260601,20260602,-7.88,stop_loss
000400,20260602,20260604,-2.87,trend_break
000500,20260602,20260604,-7.88,stop_loss
000880,20260604,20260605,3.33,trend_break
000990,20260604,20260605,-0.74,trend_break
001250,20260604,20260605,-2.77,trend_break
001440,20260604,20260605,-7.88,stop_loss
001530,20260604,20260605,-1.47,trend_break
000660,20260427,20260608,51.56,trend_break
000150,20260526,20260608,-5.02,trend_break
001450,20260601,20260608,0.55,trend_break
000500,20260605,20260608,-7.88,stop_loss
000880,20260608,20260609,2.74,trend_break
000990,20260608,20260609,11.41,trend_break
001250,20260608,20260609,4.42,trend_break
001440,20260608,20260609,2.83,trend_break
000150,20260609,20260610,-7.88,stop_loss
000500,20260609,20260610,-7.88,stop_loss
000660,20260609,20260610,-0.73,trend_break
000430,20260610,20260611,-7.88,stop_loss
000880,20260610,20260611,1.88,trend_break
000990,20260610,20260611,-7.88,stop_loss
001250,20260610,20260611,-7.88,stop_loss
000880,20260612,20260615,-3.28,trend_break
000990,20260612,20260615,-1.18,trend_break
001440,20260612,20260615,1.79,trend_break
001540,20260605,20260616,-3.37,trend_break
000150,20260611,20260616,9.77,trend_break
001440,20260616,20260617,-0.51,trend_break
001820,20260616,20260617,-7.88,stop_loss
001740,20260608,20260618,11.82,trend_break
000430,20260612,20260618,-7.88,stop_loss
001800,20260616,20260618,-6.14,trend_break
001540,20260617,20260618,-1.82,trend_break
002220,20260617,20260618,-5.71,trend_break
002960,20260618,20260619,-2.63,trend_break
