변형,컬럼,국면,만족군평균%,불만족군평균%,차이%p,만족군승률,n,p,FDR통과,효과충분,표본충분,국면조건부_인정
거래량 2배+,v_vol_2x,강세,0.07,0.187,-0.117,0.424,33698,0.152381,False,False,True,False
거래량 2배+,v_vol_2x,횡보,0.893,0.973,-0.08,0.456,9414,0.588957,False,False,True,False
거래량 2배+,v_vol_2x,약세,0.877,1.774,-0.898,0.437,3204,0.007218,True,True,True,True
거래량 3배+,v_vol_3x,강세,-0.19,0.2,-0.39,0.403,18736,0.000907,True,True,True,True
거래량 3배+,v_vol_3x,횡보,0.26,1.007,-0.747,0.422,5557,0.000228,True,True,True,True
거래량 3배+,v_vol_3x,약세,0.674,1.754,-1.08,0.406,2039,0.018031,True,True,True,True
거래량 2배+ & 당일상승,v_vol_2x_up,강세,0.327,0.158,0.169,0.427,23542,0.090322,False,False,True,False
거래량 2배+ & 당일상승,v_vol_2x_up,횡보,0.361,1.005,-0.645,0.425,6160,0.000555,True,True,True,True
거래량 2배+ & 당일상승,v_vol_2x_up,약세,1.058,1.731,-0.673,0.442,2104,0.098175,False,True,True,False
거래량 2배+ & 당일하락,v_vol_2x_dn,강세,-0.537,0.199,-0.737,0.416,9833,0.0,True,True,True,True
거래량 2배+ & 당일하락,v_vol_2x_dn,횡보,1.96,0.933,1.027,0.516,3156,1.7e-05,True,True,True,True
거래량 2배+ & 당일하락,v_vol_2x_dn,약세,0.508,1.727,-1.219,0.426,1068,0.038312,False,True,True,False
거래량 5배+ & 당일상승,v_vol_5x_up,강세,-0.24,0.185,-0.426,0.388,7967,0.029961,True,True,True,True
거래량 5배+ & 당일상승,v_vol_5x_up,횡보,-0.167,0.994,-1.161,0.388,2430,0.000572,True,True,True,True
거래량 5배+ & 당일상승,v_vol_5x_up,약세,0.255,1.73,-1.475,0.4,952,0.028947,True,True,True,True
모멘텀 상위20%(1일),v_mom_1d_top20,강세,0.396,0.094,0.302,0.443,70953,0.0,True,True,True,True
모멘텀 상위20%(1일),v_mom_1d_top20,횡보,0.508,1.117,-0.608,0.463,24611,0.0,True,True,True,True
모멘텀 상위20%(1일),v_mom_1d_top20,약세,1.642,1.703,-0.06,0.511,7968,0.714991,False,False,True,False
"역추세(모멘텀 하위20%, 1일)",v_mom_1d_bot20,강세,-0.165,0.295,-0.459,0.424,72052,0.0,True,True,True,True
"역추세(모멘텀 하위20%, 1일)",v_mom_1d_bot20,횡보,1.516,0.75,0.766,0.502,27797,0.0,True,True,True,True
"역추세(모멘텀 하위20%, 1일)",v_mom_1d_bot20,약세,1.725,1.674,0.051,0.534,9387,0.712574,False,False,True,False
모멘텀 상위20%(3일),v_mom_3d_top20,강세,0.535,0.036,0.499,0.447,74549,0.0,True,True,True,True
모멘텀 상위20%(3일),v_mom_3d_top20,횡보,0.775,1.035,-0.26,0.463,26610,0.000856,True,False,True,False
모멘텀 상위20%(3일),v_mom_3d_top20,약세,1.284,1.823,-0.539,0.496,8385,0.001268,True,True,True,True
"역추세(모멘텀 하위20%, 3일)",v_mom_3d_bot20,강세,-0.261,0.329,-0.59,0.419,71886,0.0,True,True,True,True
"역추세(모멘텀 하위20%, 3일)",v_mom_3d_bot20,횡보,1.136,0.9,0.236,0.495,27299,0.000766,True,False,True,False
"역추세(모멘텀 하위20%, 3일)",v_mom_3d_bot20,약세,2.021,1.555,0.466,0.546,9615,0.000499,True,True,True,True
모멘텀 상위20%(5일),v_mom_5d_top20,강세,0.397,0.083,0.314,0.445,77775,0.0,True,True,True,True
모멘텀 상위20%(5일),v_mom_5d_top20,횡보,0.854,1.007,-0.154,0.464,27104,0.048506,False,False,True,False
모멘텀 상위20%(5일),v_mom_5d_top20,약세,1.324,1.816,-0.492,0.492,8708,0.00323,True,True,True,True
"역추세(모멘텀 하위20%, 5일)",v_mom_5d_bot20,강세,-0.292,0.335,-0.627,0.414,70081,0.0,True,True,True,True
"역추세(모멘텀 하위20%, 5일)",v_mom_5d_bot20,횡보,1.075,0.923,0.152,0.499,27693,0.02593,True,False,True,False
"역추세(모멘텀 하위20%, 5일)",v_mom_5d_bot20,약세,1.995,1.565,0.43,0.554,9641,0.000819,True,True,True,True
모멘텀 상위20%(10일),v_mom_10d_top20,강세,0.355,0.09,0.265,0.439,84497,2e-06,True,False,True,False
모멘텀 상위20%(10일),v_mom_10d_top20,횡보,0.727,1.064,-0.337,0.462,28989,5e-06,True,True,True,True
모멘텀 상위20%(10일),v_mom_10d_top20,약세,1.016,1.937,-0.922,0.467,9060,0.0,True,True,True,True
"역추세(모멘텀 하위20%, 10일)",v_mom_10d_bot20,강세,-0.369,0.343,-0.712,0.416,65053,0.0,True,True,True,True
"역추세(모멘텀 하위20%, 10일)",v_mom_10d_bot20,횡보,1.053,0.933,0.12,0.494,26976,0.081026,False,False,True,False
"역추세(모멘텀 하위20%, 10일)",v_mom_10d_bot20,약세,2.269,1.448,0.821,0.574,9839,0.0,True,True,True,True
모멘텀 상위20%(20일),v_mom_20d_top20,강세,0.549,-0.026,0.575,0.438,93796,0.0,True,True,True,True
모멘텀 상위20%(20일),v_mom_20d_top20,횡보,1.035,0.931,0.104,0.472,32470,0.146771,False,False,True,False
모멘텀 상위20%(20일),v_mom_20d_top20,약세,0.556,2.153,-1.597,0.458,9762,0.0,True,True,True,True
"역추세(모멘텀 하위20%, 20일)",v_mom_20d_bot20,강세,-0.29,0.286,-0.576,0.419,53286,0.0,True,True,True,True
"역추세(모멘텀 하위20%, 20일)",v_mom_20d_bot20,횡보,0.746,1.037,-0.291,0.484,24410,2.4e-05,True,False,True,False
"역추세(모멘텀 하위20%, 20일)",v_mom_20d_bot20,약세,2.833,1.216,1.617,0.596,9804,0.0,True,True,True,True
모멘텀 상위20%(60일),v_mom_60d_top20,강세,0.475,0.004,0.471,0.439,97429,0.0,True,True,True,True
모멘텀 상위20%(60일),v_mom_60d_top20,횡보,0.897,1.006,-0.109,0.468,36603,0.11067,False,False,True,False
모멘텀 상위20%(60일),v_mom_60d_top20,약세,1.285,1.911,-0.625,0.506,11935,7e-06,True,True,True,True
"역추세(모멘텀 하위20%, 60일)",v_mom_60d_bot20,강세,-0.245,0.252,-0.497,0.418,43463,0.0,True,True,True,True
"역추세(모멘텀 하위20%, 60일)",v_mom_60d_bot20,횡보,0.769,1.004,-0.235,0.493,16392,0.00236,True,False,True,False
"역추세(모멘텀 하위20%, 60일)",v_mom_60d_bot20,약세,2.584,1.496,1.087,0.583,5923,0.0,True,True,True,True
"모멘텀 상위10%(20일, 강한강도)",v_mom_20d_top10,강세,0.528,0.085,0.443,0.433,53574,0.0,True,True,True,True
"모멘텀 상위10%(20일, 강한강도)",v_mom_20d_top10,횡보,1.007,0.955,0.052,0.457,19845,0.588441,False,False,True,False
"모멘텀 상위10%(20일, 강한강도)",v_mom_20d_top10,약세,0.431,1.961,-1.53,0.436,5979,0.0,True,True,True,True
"모멘텀 상위30%(20일, 약한강도)",v_mom_20d_top30,강세,0.493,-0.096,0.589,0.441,124071,0.0,True,True,True,True
"모멘텀 상위30%(20일, 약한강도)",v_mom_20d_top30,횡보,1.04,0.913,0.127,0.481,40789,0.04749,False,False,True,False
"모멘텀 상위30%(20일, 약한강도)",v_mom_20d_top30,약세,0.687,2.229,-1.542,0.475,11772,0.0,True,True,True,True
52주신고가 근접(95%+),v_near_high_95,강세,1.027,0.009,1.018,0.496,43784,0.0,True,True,True,True
52주신고가 근접(95%+),v_near_high_95,횡보,0.922,0.97,-0.048,0.491,9293,0.704944,False,False,True,False
52주신고가 근접(95%+),v_near_high_95,약세,0.732,1.779,-1.048,0.518,2919,0.000281,True,True,True,True
52주신고가 근접(98%+),v_near_high_98,강세,1.082,0.071,1.011,0.51,27254,0.0,True,True,True,True
52주신고가 근접(98%+),v_near_high_98,횡보,1.185,0.953,0.231,0.503,5165,0.228754,False,False,True,False
52주신고가 근접(98%+),v_near_high_98,약세,0.669,1.746,-1.077,0.493,1790,0.009529,True,True,True,True
52주신고가 돌파(=100%),v_near_high_100,강세,1.049,0.113,0.935,0.512,17323,0.0,True,True,True,True
52주신고가 돌파(=100%),v_near_high_100,횡보,1.635,0.944,0.691,0.518,3015,0.020858,True,True,True,True
52주신고가 돌파(=100%),v_near_high_100,약세,0.942,1.715,-0.773,0.482,1156,0.194606,False,True,True,False
52주신고가 돌파 직후(갱신 당일),v_breakout_fresh,강세,1.052,0.145,0.907,0.484,8268,0.0,True,True,True,True
52주신고가 돌파 직후(갱신 당일),v_breakout_fresh,횡보,1.023,0.965,0.059,0.463,1412,0.875427,False,False,True,False
52주신고가 돌파 직후(갱신 당일),v_breakout_fresh,약세,0.515,1.709,-1.194,0.466,573,0.145108,False,True,True,False
52주신고가 대비 80%미만(저조),v_far_from_high,강세,-0.306,0.628,-0.934,0.412,132392,0.0,True,True,True,True
52주신고가 대비 80%미만(저조),v_far_from_high,횡보,1.037,0.865,0.171,0.498,57849,0.005774,True,False,True,False
52주신고가 대비 80%미만(저조),v_far_from_high,약세,2.077,1.119,0.959,0.561,19946,0.0,True,True,True,True
