변형,컬럼,기간,IS_평균%,IS_승률,IS_n,IS_p,OOS_평균%,OOS_승률,OOS_n,OOS_p,IS_FDR통과,OOS_FDR통과,부호일치,IS_Bonf통과,OOS_Bonf통과,판정
거래량 2배+,v_vol_2x,5일,-0.7537423441343962,0.39846592695745925,89044,2.5982987879935138e-74,0.2932512594956964,0.4311253130667588,46316,1.4428084684415875e-05,True,True,False,True,True,❌ 1단계 기각
거래량 2배+,v_vol_2x,20일,-2.2064241336249264,0.35863168770495485,89044,5.243170139508033e-197,1.5124558746292072,0.42429898235790786,45006,1.6237994037805525e-25,True,True,False,True,True,❌ 1단계 기각
거래량 3배+,v_vol_3x,5일,-0.9843521004352614,0.3833277411176975,53646,2.4112097124193084e-67,-0.028405456617272628,0.4074510101777305,26332,0.7729650557983231,True,False,True,True,False,❌ 1단계 기각
거래량 3배+,v_vol_3x,20일,-2.7606350684140324,0.3386459381873765,53646,3.6964887098285565e-172,0.9671997316354453,0.3973824640673081,25673,2.4893941814394485e-06,True,True,False,True,True,❌ 1단계 기각
거래량 5배+,v_vol_5x,5일,-1.1847227430553477,0.3728988107102518,30102,2.46788980648223e-49,-0.38255614638630797,0.3871219650717024,14086,0.008247966644329231,True,True,True,True,False,✅ 진짜(FDR만 통과)
거래량 5배+,v_vol_5x,20일,-3.241423178832101,0.3270879011361371,30102,2.241547207428889e-127,0.42088724348093565,0.37280383330913314,13774,0.15781015199613432,True,False,False,True,False,❌ 1단계 기각
거래량 10배+,v_vol_10x,5일,-1.5025637537545493,0.3599654502267329,13893,2.7048577112419373e-34,-1.250427628169653,0.3666940114848236,6095,1.3146589248205045e-08,True,True,True,True,True,✅ 진짜(Bonferroni도 통과)
거래량 10배+,v_vol_10x,20일,-3.7458717929917804,0.31274742676167855,13893,3.0245667103632635e-74,-0.1924366702498024,0.35310828877005346,5984,0.6887876373384684,True,False,True,True,False,❌ 1단계 기각
거래량 2배+ & 당일상승,v_vol_2x_up,5일,-0.758705251257318,0.391427295728531,60471,5.923391796217146e-50,0.381988872560228,0.4275922781865057,31806,5.576315160625335e-06,True,True,False,True,True,❌ 1단계 기각
거래량 2배+ & 당일상승,v_vol_2x_up,20일,-2.230955011341991,0.3526153032031883,60471,8.977001450615839e-130,1.5756105335036883,0.4195225943990439,30959,1.7969248206265752e-19,True,True,False,True,True,❌ 1단계 기각
거래량 2배+ & 당일하락,v_vol_2x_dn,5일,-0.7285814037608178,0.41355882675238337,27377,3.64938228324765e-24,0.10295790437416973,0.43892722487017144,14057,0.36745342086621346,True,False,False,True,False,❌ 1단계 기각
거래량 2배+ & 당일하락,v_vol_2x_dn,20일,-2.083905146876012,0.3722102494794901,27377,9.103964616664434e-63,1.403840798273619,0.4349264705882353,13600,1.3006550416736013e-07,True,True,False,True,True,❌ 1단계 기각
거래량 5배+ & 당일상승,v_vol_5x_up,5일,-1.0394698649723615,0.37465872424919333,24174,4.530401109823973e-31,-0.1831774505657665,0.3890210591241519,11349,0.26467996339773847,True,False,True,True,False,❌ 1단계 기각
거래량 5배+ & 당일상승,v_vol_5x_up,20일,-3.0497584666705815,0.3288657235045917,24174,2.9738889445949952e-89,0.3984520664005288,0.37549442646530024,11124,0.2057612910793731,True,False,False,True,False,❌ 1단계 기각
거래량 5배+ & 당일하락,v_vol_5x_dn,5일,-1.757338143279134,0.3663823738450604,5628,1.6740271302704214e-21,-1.200930261195716,0.3781832003040669,2631,0.00011418744447370473,True,True,True,True,True,✅ 진짜(Bonferroni도 통과)
거래량 5배+ & 당일하락,v_vol_5x_dn,20일,-3.913093660292946,0.322316986496091,5628,3.7546125790329555e-39,0.6614665376031478,0.3604559748427673,2544,0.4293372324581542,True,False,False,True,False,❌ 1단계 기각
모멘텀 상위20%(1일),v_mom_1d_top20,5일,-0.5541038935622188,0.412560535756534,207109,5.181142656701098e-137,0.5184219232105178,0.4526426612061971,103532,1.8904779029494025e-39,True,True,False,True,True,❌ 1단계 기각
모멘텀 상위20%(1일),v_mom_1d_top20,20일,-1.4623458077724356,0.38671424225890716,207109,1.9289337001495069e-255,2.4216208108643738,0.45698615193478986,99003,9.14472710827662e-175,True,True,False,True,True,❌ 1단계 기각
"역추세(모멘텀 하위20%, 1일)",v_mom_1d_bot20,5일,-0.3505625928325287,0.4295578622225415,222736,1.7392010100933454e-68,0.425468690471269,0.45350433922882566,109236,4.303677520716063e-36,True,True,False,True,True,❌ 1단계 기각
"역추세(모멘텀 하위20%, 1일)",v_mom_1d_bot20,20일,-1.4091221365585578,0.39227605775447166,222736,8.274592960354893e-280,1.8215330022527496,0.44737773103217476,104585,1.2408601366659968e-106,True,True,False,True,True,❌ 1단계 기각
모멘텀 상위20%(3일),v_mom_3d_top20,5일,-0.5858644662792165,0.4093166255182373,214670,2.5144462699868934e-150,0.6505615451258363,0.454730519243409,109544,7.190816259388336e-54,True,True,False,True,True,❌ 1단계 기각
모멘텀 상위20%(3일),v_mom_3d_top20,20일,-1.5774511482208418,0.38167419760562726,214670,3.0411822220798666e-292,2.6235126109879188,0.45813898256780505,105265,3.1553783998370803e-204,True,True,False,True,True,❌ 1단계 기각
"역추세(모멘텀 하위20%, 3일)",v_mom_3d_bot20,5일,-0.30204269193053856,0.4330227803347187,224009,3.8452496710572105e-54,0.29132111020071483,0.44909007352941177,108800,2.6784474791551784e-20,True,True,False,True,True,❌ 1단계 기각
"역추세(모멘텀 하위20%, 3일)",v_mom_3d_bot20,20일,-1.261257105712159,0.39722511149105616,224009,8.885968972668046e-240,1.8255008673333124,0.446321158750782,103905,3.4761899200627556e-92,True,True,False,True,True,❌ 1단계 기각
모멘텀 상위20%(5일),v_mom_5d_top20,5일,-0.5830377147155298,0.40974070121882583,222099,3.172122474601809e-151,0.5768332984515789,0.45324729062304664,113587,6.530441682910665e-48,True,True,False,True,True,❌ 1단계 기각
모멘텀 상위20%(5일),v_mom_5d_top20,20일,-1.6429754568115136,0.37882655932714693,222099,0.0,2.5600124623263056,0.4544789561750802,109367,3.4713130435615e-213,True,True,False,True,True,❌ 1단계 기각
"역추세(모멘텀 하위20%, 5일)",v_mom_5d_bot20,5일,-0.29361621372962377,0.4335492877084974,223504,1.2851415158637655e-52,0.2653419327964804,0.44839175161755807,107415,6.494080134960929e-18,True,True,False,True,True,❌ 1단계 기각
"역추세(모멘텀 하위20%, 5일)",v_mom_5d_bot20,20일,-1.1806179583214114,0.3996304316701267,223504,3.3693168750902415e-212,1.856947593215607,0.44689002697525315,102316,6.515739717153892e-85,True,True,False,True,True,❌ 1단계 기각
모멘텀 상위20%(10일),v_mom_10d_top20,5일,-0.5576427785989091,0.411504090305891,238124,6.805159172185843e-145,0.4921119990327931,0.4464854014002905,122546,7.392868386611743e-39,True,True,False,True,True,❌ 1단계 기각
모멘텀 상위20%(10일),v_mom_10d_top20,20일,-1.7695558366886404,0.37391863062942,238124,0.0,2.465278714387227,0.44546644706279825,118395,4.2041206651987004e-201,True,True,False,True,True,❌ 1단계 기각
"역추세(모멘텀 하위20%, 10일)",v_mom_10d_bot20,5일,-0.34228991851754476,0.4322561220393416,219208,2.7894985727967736e-74,0.2622749773126524,0.4517414693524954,101868,3.4395650938231245e-17,True,True,False,True,True,❌ 1단계 기각
"역추세(모멘텀 하위20%, 10일)",v_mom_10d_bot20,20일,-1.0393143961841678,0.40517681836429326,219208,2.801615831695135e-166,2.1543888632698693,0.45588128845457837,96705,3.515911032163976e-88,True,True,False,True,True,❌ 1단계 기각
모멘텀 상위20%(20일),v_mom_20d_top20,5일,-0.5918004827113534,0.4098613725694003,259761,4.820635625934876e-178,0.6656783844492795,0.44740788661158,136028,3.820472478563794e-58,True,True,False,True,True,❌ 1단계 기각
모멘텀 상위20%(20일),v_mom_20d_top20,20일,-1.952470568643749,0.3668025608155189,259761,0.0,2.5785797314620735,0.44436676975448886,131603,1.5516783272963585e-232,True,True,False,True,True,❌ 1단계 기각
"역추세(모멘텀 하위20%, 20일)",v_mom_20d_bot20,5일,-0.3294285476151871,0.43573680401989706,197617,3.428084168987242e-65,0.3487683000552477,0.4571314285714286,87500,2.6283425121354735e-20,True,True,False,True,True,❌ 1단계 기각
"역추세(모멘텀 하위20%, 20일)",v_mom_20d_bot20,20일,-0.7235407570114818,0.4156929818790894,197617,9.73355138643556e-74,2.169369639061152,0.4631740358841854,82822,6.991917365594079e-76,True,True,False,True,True,❌ 1단계 기각
모멘텀 상위20%(60일),v_mom_60d_top20,5일,-0.5867003701813306,0.41433714804858807,267473,6.952826357132607e-184,0.6470399610375225,0.45194461761905086,145967,4.112169620950342e-63,True,True,False,True,True,❌ 1단계 기각
모멘텀 상위20%(60일),v_mom_60d_top20,20일,-1.8459118364793823,0.37563791485495734,267473,0.0,2.7648413803074825,0.457884985391577,140330,0.0,True,True,False,True,True,❌ 1단계 기각
"역추세(모멘텀 하위20%, 60일)",v_mom_60d_bot20,5일,-0.21811974051723254,0.43839743433999856,164636,1.7374069954211117e-24,0.26247528656899377,0.4517315819878987,65778,3.5471188348332765e-08,True,True,False,True,True,❌ 1단계 기각
"역추세(모멘텀 하위20%, 60일)",v_mom_60d_bot20,20일,-0.6671199539440373,0.4176182608906922,164636,6.478774325527276e-49,1.5279628348384797,0.4488058185102163,62009,4.295633856291274e-24,True,True,False,True,True,❌ 1단계 기각
"모멘텀 상위10%(20일, 강한강도)",v_mom_20d_top10,5일,-0.789415875472449,0.3981805182964824,152461,1.0737999689032168e-144,0.6405958802988833,0.4396584296833673,79398,3.6510973615907744e-29,True,True,False,True,True,❌ 1단계 기각
"모멘텀 상위10%(20일, 강한강도)",v_mom_20d_top10,20일,-2.398942808401801,0.35145381441811346,152461,0.0,2.5558361412918127,0.43081143629815505,76913,1.2902828459141745e-118,True,True,False,True,True,❌ 1단계 기각
"모멘텀 상위30%(20일, 약한강도)",v_mom_20d_top30,5일,-0.508115510009554,0.41693846745789803,337870,9.474250654697436e-194,0.6320084918549896,0.4529360478282531,176632,4.19089918716288e-77,True,True,False,True,True,❌ 1단계 기각
"모멘텀 상위30%(20일, 약한강도)",v_mom_20d_top30,20일,-1.7291935543185804,0.3765767898896025,337870,0.0,2.4658069993466283,0.44921284302577746,170614,1.4375403263982492e-297,True,True,False,True,True,❌ 1단계 기각
52주신고가 근접(95%+),v_near_high_95,5일,-0.03523545472072945,0.4521958007612655,48866,0.48206136874458616,0.9941191926949242,0.49637474105293233,55996,5.363905580811229e-75,False,True,False,False,True,❌ 1단계 기각
52주신고가 근접(95%+),v_near_high_95,20일,-0.06399083739647585,0.43514918348135717,48866,0.5104020461465936,3.362238679554514,0.4973678438254003,54708,4.65401997362518e-207,False,True,False,False,True,❌ 1단계 기각
52주신고가 근접(98%+),v_near_high_98,5일,-0.0011236708503135353,0.4574601999259533,27010,0.9881444225016123,1.075826889638689,0.5082580607442486,34209,3.4166297120008085e-48,False,True,False,False,True,❌ 1단계 기각
52주신고가 근접(98%+),v_near_high_98,20일,-0.15915745061105807,0.43420955201777117,27010,0.27199960627546177,3.4769022971356485,0.5085621582647359,33286,1.7839941242190316e-126,False,True,False,False,True,❌ 1단계 기각
52주신고가 돌파(=100%),v_near_high_100,5일,0.04151734955614584,0.4544164139621911,15499,0.7192588321194705,1.1250699631411354,0.511212431376198,21494,8.539070686075044e-28,False,True,True,False,True,❌ 1단계 기각
52주신고가 돌파(=100%),v_near_high_100,20일,-0.2942852525304849,0.4214465449383831,15499,0.17319370092218403,3.5720645245405596,0.5034519129350848,20858,2.401125425401164e-73,False,True,False,False,True,❌ 1단계 기각
52주신고가 돌파 직후(갱신 당일),v_breakout_fresh,5일,-0.19472628612901072,0.4307395498392283,7775,0.20712884896253597,1.0181666962246816,0.48044474787866964,10253,2.081617566271075e-12,False,True,False,False,True,❌ 1단계 기각
52주신고가 돌파 직후(갱신 당일),v_breakout_fresh,20일,-0.5483052810334512,0.3984565916398714,7775,0.05122043150508088,3.5138744371214337,0.47692307692307695,9945,7.211816914544282e-33,False,True,False,False,True,❌ 1단계 기각
52주신고가 대비 80%미만(저조),v_far_from_high,5일,-0.23462272101177845,0.4370761493597174,438244,1.0839257454271434e-75,0.28962126666587423,0.44978519128204886,210187,2.117749463903787e-26,True,True,False,True,True,❌ 1단계 기각
52주신고가 대비 80%미만(저조),v_far_from_high,20일,-1.0101065402656695,0.4031201796259618,438244,0.0,1.8259748936793947,0.4532135742852607,195281,1.3509634752010786e-154,True,True,False,True,True,❌ 1단계 기각
