horizon,cutoff,n_candidates,n_selected,precision_at_10,mean_net_return,win_rate,rank1_symbol,rank1_hit,rank1_net_return
5,20240603,922,10,0.3,-0.06283349255039558,0.3,033790,0,-0.14497479102076116
5,20240618,933,10,0.2,-0.022017253878384536,0.2,388790,0,-0.12214951689461884
5,20240702,891,10,0.5,0.08178207267174678,0.8,192410,1,0.22320681266688513
5,20240716,845,10,0.2,-0.034816945377289674,0.2,192410,0,-0.11394432438974311
5,20240730,781,10,0.2,-0.10938293760209908,0.3,192410,0,0.01952986192134709
5,20240813,776,10,0.4,-0.0285438849287055,0.4,078860,1,0.2267446042741934
5,20240828,768,10,0.1,-0.05370040931166705,0.4,090360,0,-0.13417344938291142
5,20240911,744,10,0.5,-0.007913422120329305,0.4,263050,1,0.14890858067787427
5,20240930,752,10,0.2,-0.005463814685190216,0.3,276730,0,-0.09998014532295219
5,20241017,755,10,0.0,-0.1268788293587036,0.0,226950,0,-0.00629107750000002
5,20241031,742,10,0.4,-0.03285927089107493,0.3,307870,1,0.18414447543577972
5,20241114,791,10,0.3,-0.019150264722399578,0.3,078350,0,-0.07757426573072801
5,20241128,736,10,0.3,-0.020374666089167437,0.2,452190,0,-0.12351143296916878
5,20241212,832,10,0.6,-0.011480001121962258,0.4,347700,0,-0.09125503741635688
5,20241227,766,10,0.9,0.1300062081429825,1.0,060280,1,0.23351305916942144
5,20250114,767,10,0.4,0.03881723995846924,0.6,389680,1,0.13566733999999991
5,20250203,845,10,0.6,0.04041661656029788,0.5,009620,1,0.21430405674792552
5,20250217,852,10,0.5,-0.009076818051380286,0.4,448280,1,0.13966389433883108
5,20250304,850,10,0.5,-0.007160334671158408,0.5,097230,1,0.0714011711696092
5,20250318,760,10,0.3,-0.07053751069834474,0.3,476060,1,0.0565042756956764
5,20250401,731,10,0.2,-0.027073708619098448,0.3,012170,0,-0.036030560216718244
5,20250415,801,10,0.5,0.0013177552072324405,0.5,306620,0,-0.012674646595289163
5,20250429,791,10,0.5,-0.034722703128150414,0.5,070300,0,-0.45048018214749075
5,20250516,858,10,0.2,-0.03868761013731571,0.4,098120,1,0.11910034743982512
5,20250530,812,10,0.1,-0.048024044800370126,0.3,032500,0,-0.09939690473949225
5,20250617,1025,10,0.5,0.027709799410529125,0.5,417860,1,0.06120613233018868
5,20250701,972,10,0.3,-0.04786101237960426,0.5,032820,0,-0.22806302586909866
5,20250715,892,10,0.4,0.042261298667025715,0.5,309960,1,0.03267789985294134
5,20250729,831,10,0.2,-0.04564809160293208,0.3,189330,0,-0.23519711562163614
5,20250812,830,10,0.0,-0.10213559502643695,0.2,127120,0,0.019750133095592926
5,20250827,738,10,0.4,0.028805467722683387,0.5,389470,0,-0.09738978799262377
5,20250910,840,10,0.4,0.041025650451879524,0.6,010170,0,0.0164556931262263
5,20250924,922,10,0.6,0.0647636283569823,0.6,036710,1,0.28043125982213457
5,20251015,884,10,0.2,-0.02328745762888009,0.4,199430,0,0.03354113669303804
5,20251029,954,10,0.5,0.04727815859611904,0.7,418420,1,0.280483980671141
5,20251112,889,10,0.5,0.044779098292179145,0.5,347850,1,0.20123046454819282
5,20251126,806,10,0.6,0.09622331887511704,0.8,486990,0,-0.19236406298804776
5,20251210,835,10,0.4,0.036803663480653157,0.5,000650,1,0.19300047680497912
5,20251224,830,10,0.4,-0.023972755961432956,0.5,000650,0,-0.1723592805808425
5,20260112,978,10,0.2,-0.049627647804178276,0.3,012205,0,-0.278053534276808
5,20260126,1136,10,0.6,-0.0020896625878910613,0.7,082270,1,0.1252292210661763
5,20260209,1177,10,0.3,0.00576446055333385,0.4,424870,0,0.0015731438332742265
5,20260226,1318,10,0.1,-0.1508511801473113,0.2,000250,0,0.0028977764729194444
5,20260313,1062,10,0.4,-0.022920150461845833,0.3,357880,1,-0.03734448132812496
5,20260327,1055,10,0.3,-0.06101316436421993,0.3,217730,0,-0.046482930711297055
5,20260410,1028,10,0.9,0.05992354543482853,0.6,066430,1,0.14183944510869595
5,20260424,1150,10,0.6,0.04509665313303942,0.6,147760,1,0.07436711426136378
5,20260512,1302,10,0.5,-0.11786170102551992,0.3,012205,1,-0.23591305959163356
5,20260527,1186,10,0.4,-0.11166917152850293,0.3,166480,0,-0.34030213940837695
5,20260611,892,10,0.3,0.019862826117539912,0.4,009150,1,0.211168769806094
10,20240603,922,10,0.4,-0.0198963006857804,0.4,033790,0,-0.06359839713667814
10,20240618,933,10,0.4,-0.09196347258722574,0.2,388790,0,-0.048623968817264496
10,20240702,891,10,0.5,0.019483778128056673,0.6,082660,0,-0.2033342142692307
10,20240716,845,10,0.1,-0.07772740395235125,0.2,214260,0,-0.11130141373287661
10,20240730,781,10,0.0,-0.10999309752791109,0.0,384470,0,-0.16619150827825724
10,20240813,776,10,0.3,-0.07831509459879007,0.3,078860,1,-0.04719952469354838
10,20240828,768,10,0.1,-0.05572612933693527,0.2,452430,0,-0.09769354914504713
10,20240911,744,10,0.5,0.028007414350910077,0.7,263050,0,0.04544214189262474
10,20240930,752,10,0.4,-0.011500148913777163,0.5,276730,0,-0.2538998812666118
10,20241017,755,10,0.0,-0.2132719159871399,0.0,087010,0,-0.13075163836978132
10,20241031,742,10,0.6,-0.02181313349966253,0.4,007390,1,0.11422739593821518
10,20241114,791,10,0.4,0.0049076115522341925,0.5,078350,1,0.12138030440578151
10,20241128,736,10,0.5,0.048928058426307076,0.6,099220,1,0.22898552975216546
10,20241212,832,10,0.2,-0.07288709656265036,0.4,413630,0,-0.3131126639078652
10,20241227,766,10,0.7,0.1025188680508328,0.9,047400,1,0.05595982947795819
10,20250114,767,10,0.5,0.04913674573466805,0.7,389680,0,0.017578036946902742
10,20250203,845,10,0.5,0.0813200389700269,0.6,166480,0,0.08038645260127741
10,20250217,852,10,0.4,-0.0713029475717099,0.3,226950,1,0.1804807968224298
10,20250304,850,10,0.6,-0.028381405318163945,0.6,226950,0,-0.19912620057255248
10,20250318,760,10,0.3,-0.08252873702881698,0.3,950160,0,-0.20555956284231447
10,20250401,731,10,0.2,0.001106016574029245,0.5,019490,0,-0.11868298321724136
10,20250415,801,10,0.5,0.06575841399038851,0.8,306620,0,0.03201033707173462
10,20250429,791,10,0.6,-0.026703642542582073,0.5,070300,0,-0.5239440975930232
10,20250516,858,10,0.1,-0.06736927222718153,0.3,098120,1,0.06329029125273533
10,20250530,812,10,0.0,-0.07437600584037499,0.3,138610,0,-0.22133699707920795
10,20250617,1025,10,0.5,-0.07230526839934628,0.3,417860,0,-0.17690902457075475
10,20250701,972,10,0.3,-0.039322640658393374,0.3,010170,0,-0.01332440657735079
10,20250715,892,10,0.3,0.00011102674851762862,0.5,083500,0,-0.03267887558176097
10,20250729,831,10,0.4,-0.03493956608801287,0.4,044820,1,0.016150878207720654
10,20250812,830,10,0.3,-0.019321833485862184,0.5,104460,0,-0.19840813584999994
10,20250827,738,10,0.5,0.07745035031223693,0.7,458870,1,0.20245460929084147
10,20250910,840,10,0.7,0.08528067770916523,0.9,010170,0,-0.055684065145519934
10,20250924,922,10,0.6,0.08285240783580203,0.7,168360,0,-0.0017535938356164626
10,20251015,884,10,0.4,0.039481255391285296,0.5,115180,0,-0.1523327933011236
10,20251029,954,10,0.6,0.06311621458857411,0.9,294140,1,0.10548413737654316
10,20251112,889,10,0.4,-0.02295201538527538,0.4,323280,0,-0.07423698673076917
10,20251126,806,10,0.5,0.058111824037404634,0.6,376270,1,0.16511792078671328
10,20251210,835,10,0.6,0.05752941663596102,0.6,394800,0,-0.09223920640816863
10,20251224,830,10,0.8,0.08424731244293776,0.7,319400,1,0.22475426938912824
10,20260112,978,10,0.2,-0.033958398670125345,0.2,012205,0,-0.2466645575062344
10,20260126,1136,10,0.4,-0.02303258225409858,0.4,140410,0,-0.04266212302941175
10,20260209,1177,10,0.5,0.040791996759149865,0.5,424870,0,-0.07401728211640679
10,20260226,1318,10,0.1,-0.11319766872736844,0.1,458870,1,0.13102780141832593
10,20260313,1062,10,0.4,-0.02013811697062019,0.3,357880,0,-0.19468172739062495
10,20260327,1055,10,0.2,-0.1090573172832304,0.2,046970,0,-0.010152640670336721
10,20260410,1028,10,0.7,0.04688163945083035,0.7,010170,0,-0.25290088888013507
10,20260424,1150,10,0.4,-0.0033332367867641155,0.5,147760,1,0.09695140795454549
10,20260512,1302,10,0.3,-0.09733734258975167,0.3,012205,1,-0.32131433864541836
10,20260527,1186,10,0.4,-0.1321459676075499,0.3,080220,0,-0.08287568522835398
20,20240603,922,10,0.4,-0.043920067372896866,0.5,033790,1,-0.19311293951557096
20,20240618,933,10,0.3,-0.0462533039187976,0.4,257720,0,-0.21161884706140355
20,20240702,891,10,0.4,-0.03577591855529445,0.3,082660,0,-0.26958147576923064
20,20240716,845,10,0.3,-0.17027161893190376,0.3,081580,0,-0.2540185131091549
20,20240730,781,10,0.3,-0.13550083095255616,0.3,384470,0,-0.1889840751930124
20,20240813,776,10,0.2,-0.052610357875497823,0.4,452430,0,-0.23789255943725096
20,20240828,768,10,0.3,-0.02402468148925242,0.4,452430,1,0.18041995432193403
20,20240911,744,10,0.5,-0.03334426032424276,0.6,200470,0,0.06397116954545479
20,20240930,752,10,0.3,-0.04394334196189007,0.4,082270,0,-0.30752166686108295
20,20241017,755,10,0.2,-0.23722805742402384,0.2,323280,0,-0.3527795407852107
20,20241031,742,10,0.3,-0.04801824471039018,0.4,007390,1,0.011900390188787302
20,20241114,791,10,0.5,0.06787388324163787,0.7,078350,1,0.1224442325883297
20,20241128,736,10,0.2,-0.06259582550688349,0.3,097800,0,0.08716978934647313
20,20241212,832,10,0.5,0.09639995380395311,0.7,950140,0,-0.03894151352499986
20,20241227,766,10,0.3,-0.03267561470692133,0.4,373110,1,0.02037011260498689
20,20250114,767,10,0.4,-0.054407124473435445,0.4,389680,0,-0.03267273030973461
20,20250203,845,10,0.4,-0.03692951677993235,0.6,166480,1,0.15038127816423352
20,20250217,852,10,0.3,-0.03504044576427169,0.4,226950,1,-0.048598518644859756
20,20250304,850,10,0.3,-0.07999771886311949,0.3,226950,0,-0.2868574953037587
20,20250318,760,10,0.1,-0.08199640713628945,0.3,950160,0,-0.16517916493153717
20,20250401,731,10,0.4,0.03834459536197575,0.7,124500,0,0.02192147865930605
20,20250415,801,10,0.4,0.01869890244237645,0.5,087010,1,0.2223608511847015
20,20250429,791,10,0.3,-0.15713855361998286,0.2,070300,0,-0.6015433990073439
20,20250516,858,10,0.3,-0.026439413425251336,0.4,115180,0,-0.0664637631185121
20,20250530,812,10,0.6,0.03660909108163587,0.7,418420,0,0.010420715504527944
20,20250617,1025,10,0.2,-0.11240980279720289,0.3,417860,0,-0.2650303818490567
20,20250701,972,10,0.1,-0.12887030757041606,0.1,290660,0,-0.058460795931249976
20,20250715,892,10,0.6,0.047674623490936395,0.5,298040,1,0.1588470236304349
20,20250729,831,10,0.4,-0.0359236333160435,0.5,418420,1,0.1724766583065327
20,20250812,830,10,0.2,-0.003001653418859129,0.3,483650,0,-0.06084764579411761
20,20250827,738,10,0.3,0.05576940937006003,0.6,458870,1,0.23459711123614402
20,20250910,840,10,0.2,0.015980241888443315,0.6,376270,0,0.12021806663757717
20,20250924,922,10,0.4,0.03928652897224342,0.6,115180,1,0.25737302327
20,20251015,884,10,0.2,-0.03580219210769222,0.4,347700,0,-0.2666554280009066
20,20251029,954,10,0.4,2.4401723574651866e-06,0.5,010120,1,0.06113917081249998
20,20251112,889,10,0.5,0.027117032993587597,0.4,141080,1,0.09965796989015807
20,20251126,806,10,0.2,-0.055220493031874526,0.4,486990,0,-0.2675850571215139
20,20251210,835,10,0.5,0.0028183420272368197,0.5,376270,0,0.0272935182902585
20,20251224,830,10,0.7,0.11997414463491238,0.8,486990,1,0.1481366604560812
20,20260112,978,10,0.3,-0.09583590869073146,0.4,310210,0,0.02150497627622383
20,20260126,1136,10,0.7,0.04831317981511476,0.6,318060,1,0.27118850229116953
20,20260209,1177,10,0.5,0.04874842689452522,0.6,012205,1,0.24983389829929603
20,20260226,1318,10,0.4,-0.06511182936163983,0.4,486990,1,0.02614067584530022
20,20260313,1062,10,0.0,-0.0857619101378911,0.3,052020,0,-0.14667654854570633
20,20260327,1055,10,0.6,-0.005491485509270489,0.6,052020,0,-0.07250438345848287
20,20260410,1028,10,0.5,0.033127628819590194,0.6,192410,0,-0.13929716236486478
20,20260424,1150,10,0.5,-0.015037555085243936,0.5,094170,1,-0.08614268734375008
20,20260512,1302,10,0.1,-0.2485454532592517,0.0,036710,0,-0.1027764265993647
60,20240603,922,10,0.0,-0.26527449767741135,0.0,052020,0,-0.07659519616177202
60,20240618,933,10,0.0,-0.21576109817026232,0.0,036930,0,-0.38067160992647064
60,20240702,891,10,0.2,-0.17594683944378176,0.3,368770,0,0.005399615705882432
60,20240716,845,10,0.2,-0.2941964645069234,0.0,327260,0,-0.4060794129571811
60,20240730,781,10,0.2,-0.216742390143816,0.2,347700,1,0.11173565275862063
60,20240813,776,10,0.4,-0.07405561236736988,0.4,456010,1,-0.1527626238800578
60,20240828,768,10,0.3,0.09276060330926351,0.8,458870,0,0.11141887003304829
60,20240911,744,10,0.4,0.00153250644325591,0.5,066790,1,0.1823203410563381
60,20240930,752,10,0.5,-0.09427649434380111,0.4,082270,0,-0.3170765603466599
60,20241017,755,10,0.3,-0.03677006860766589,0.5,347700,0,0.04574854188279298
60,20241031,742,10,0.2,-0.11574841894755314,0.4,101670,1,0.11784377204502228
60,20241114,791,10,0.4,0.05246291855985593,0.6,456070,1,0.274462054450036
60,20241128,736,10,0.4,-0.07463930326796678,0.3,338840,1,0.13245318715094356
60,20241212,832,10,0.3,0.0008713862684493923,0.5,413630,1,0.21254819082584264
60,20241227,766,10,0.3,-0.10987266502061685,0.4,373110,0,-0.04483388493438323
60,20250114,767,10,0.1,-0.19802844560930807,0.1,389680,0,-0.12940545727876096
60,20250203,845,10,0.2,-0.14216318728953847,0.3,166480,0,-0.4868255017016424
60,20250217,852,10,0.1,-0.037572725630222105,0.6,086820,0,0.07426181676639065
60,20250304,850,10,0.1,-0.13194641487423822,0.5,277810,0,-0.23815649274999995
60,20250318,760,10,0.1,-0.10445622385106157,0.2,196170,0,-0.10935897025084551
60,20250401,731,10,0.4,0.03640038591034465,0.7,380540,1,0.027740049982876602
60,20250415,801,10,0.6,0.03263395909852488,0.5,440110,1,0.18832253936943633
60,20250429,791,10,0.1,-0.06447661320605551,0.4,089970,0,-0.11215837190677969
60,20250516,858,10,0.1,0.097009083949511,0.8,122640,0,0.1755508953928573
60,20250530,812,10,0.2,-0.013761554049455182,0.6,417840,0,0.15403200206261114
60,20250617,1025,10,0.4,0.014355271332304742,0.7,122640,0,0.14262987818801087
60,20250701,972,10,0.3,-0.058788762481550814,0.6,122640,1,0.22821432824564147
60,20250715,892,10,0.4,0.017831965142878704,0.6,083500,0,-0.0868433032232705
60,20250729,831,10,0.2,-0.1267904516655782,0.3,418420,0,-0.1421146086155778
60,20250812,830,10,0.3,0.04875345982948302,0.6,418420,0,0.1378941387058823
60,20250827,738,10,0.6,0.059976980706532436,0.7,052710,0,-0.27565636628701584
60,20250910,840,10,0.5,0.028684428682346073,0.6,450950,1,0.1379845306636598
60,20250924,922,10,0.3,0.013888750199591382,0.6,036710,1,0.023166696882411353
60,20251015,884,10,0.2,-0.043893145994610486,0.5,394280,0,0.021085862285926904
60,20251029,954,10,0.1,0.009038282520151297,0.7,278470,0,0.15586226131799186
60,20251112,889,10,0.2,-0.018392287158461074,0.5,267260,0,0.09331418006191039
60,20251126,806,10,0.4,0.04670035648846661,0.7,196170,0,-0.2269021317229729
60,20251210,835,10,0.3,0.0224207163532944,0.5,033640,0,-0.026768193246994865
60,20251224,830,10,0.5,0.017618591330558396,0.6,304360,0,0.07027076564606749
60,20260112,978,10,0.5,-0.03688621147715652,0.5,458870,1,0.22273758654920606
60,20260126,1136,10,0.4,-0.008807468172331079,0.4,376270,0,-0.16766261192307685
60,20260209,1177,10,0.4,0.014740789724578384,0.5,347850,0,-0.13959349393292686
60,20260226,1318,10,0.4,-0.18228475418965262,0.1,394280,1,0.07255484456234251
60,20260313,1062,10,0.5,-0.1375069777705782,0.3,394280,1,-0.1216557017480211
