config,cutoff,is_bear_day,kospi_5d_ret,n_candidates,n_selected,precision_at_10,mean_net_return,win_rate,rank1_symbol,rank1_hit,rank1_net_return
A_old(전체개선전),20240603,False,-1.49,595,10,0.1,-0.05319030388662851,0.3,033790,0,-0.14497479102076116
B_new(전체개선후),20240603,False,-1.49,922,10,0.2,-0.04007015428296377,0.5,033790,0,-0.14497479102076116
ablation_weight_only,20240603,False,-1.49,595,10,0.1,-0.023984484465361146,0.5,033790,0,-0.14497479102076116
ablation_per_only,20240603,False,-1.49,922,10,0.2,-0.07710609838348362,0.2,033790,0,-0.14497479102076116
ablation_bearguard_only,20240603,False,-1.49,595,10,0.1,-0.05319030388662851,0.3,033790,0,-0.14497479102076116
A_old(전체개선전),20240618,False,2.17,613,10,0.2,-0.0414490093355962,0.2,257720,0,-0.059560074320175405
B_new(전체개선후),20240618,False,2.17,933,10,0.2,-0.026984914050545716,0.2,388790,0,-0.12214951689461884
ablation_weight_only,20240618,False,2.17,613,10,0.2,-0.03440948059341263,0.2,130660,0,-0.06544933287113797
ablation_per_only,20240618,False,2.17,933,10,0.5,0.008423908686673986,0.5,388790,0,-0.12214951689461884
ablation_bearguard_only,20240618,False,2.17,613,10,0.2,-0.0414490093355962,0.2,257720,0,-0.059560074320175405
A_old(전체개선전),20240702,False,0.23,573,10,0.5,0.052243101236809156,0.6,089030,1,0.1197642553377265
B_new(전체개선후),20240702,False,0.23,891,10,0.5,0.07151673908924279,0.8,192410,1,0.22320681266688513
ablation_weight_only,20240702,False,0.23,573,10,0.5,0.03792755173569919,0.6,089030,1,0.1197642553377265
ablation_per_only,20240702,False,0.23,891,10,0.4,0.03721284215922821,0.7,192410,1,0.22320681266688513
ablation_bearguard_only,20240702,False,0.23,573,10,0.5,0.052243101236809156,0.6,089030,1,0.1197642553377265
A_old(전체개선전),20240716,False,-0.04,535,10,0.4,-0.01924101931727571,0.4,032820,0,-0.1316237343918919
B_new(전체개선후),20240716,False,-0.04,845,10,0.4,0.01077481104284227,0.4,192410,0,-0.11394432438974311
ablation_weight_only,20240716,False,-0.04,535,10,0.4,-0.01332194375605843,0.4,000250,0,-0.04803499740010242
ablation_per_only,20240716,False,-0.04,845,10,0.3,-0.015261200174844402,0.3,192410,0,-0.11394432438974311
ablation_bearguard_only,20240716,False,-0.04,535,10,0.4,-0.01924101931727571,0.4,032820,0,-0.1316237343918919
A_old(전체개선전),20240730,False,-1.3,495,10,0.2,-0.10085165551801153,0.2,033790,1,-0.14834996097133757
B_new(전체개선후),20240730,False,-1.3,781,10,0.2,-0.11452671700537302,0.3,070300,0,-0.3186954490840649
ablation_weight_only,20240730,False,-1.3,495,10,0.3,-0.11535415473857422,0.1,033790,1,-0.14834996097133757
ablation_per_only,20240730,False,-1.3,781,10,0.2,-0.10360980361802222,0.3,070300,0,-0.3186954490840649
ablation_bearguard_only,20240730,False,-1.3,495,10,0.2,-0.10085165551801153,0.2,033790,1,-0.14834996097133757
A_old(전체개선전),20240813,False,3.94,508,10,0.2,-0.023894125341012085,0.3,295310,0,-0.18301700493782969
B_new(전체개선후),20240813,False,3.94,776,10,0.1,-0.08311551803464852,0.1,294140,0,-0.03131252518884886
ablation_weight_only,20240813,False,3.94,508,10,0.2,-0.03465349115939931,0.2,295310,0,-0.18301700493782969
ablation_per_only,20240813,False,3.94,776,10,0.2,-0.05759481445171092,0.1,294140,0,-0.03131252518884886
ablation_bearguard_only,20240813,False,3.94,508,10,0.2,-0.023894125341012085,0.3,295310,0,-0.18301700493782969
A_old(전체개선전),20240828,False,-0.42,495,10,0.3,-0.036735290628045626,0.5,032820,1,0.09568859712410527
B_new(전체개선후),20240828,False,-0.42,769,10,0.1,-0.03189859339539371,0.3,304360,1,0.24584402223880608
ablation_weight_only,20240828,False,-0.42,495,10,0.2,-0.02324668896112896,0.4,294090,0,-0.0004897348889999487
ablation_per_only,20240828,False,-0.42,769,10,0.2,-0.052499782867398224,0.3,304360,1,0.24584402223880608
ablation_bearguard_only,20240828,False,-0.42,495,10,0.3,-0.036735290628045626,0.5,032820,1,0.09568859712410527
A_old(전체개선전),20240911,False,-2.61,470,10,0.3,-0.02100142553505696,0.4,000105,1,0.049450212474030586
B_new(전체개선후),20240911,False,-2.61,744,10,0.5,-0.004183789833343732,0.4,049180,0,-0.1458331815106383
ablation_weight_only,20240911,False,-2.61,470,10,0.5,0.003414444114903137,0.4,123330,0,-0.05904352647222222
ablation_per_only,20240911,False,-2.61,744,10,0.5,-0.00800269357034038,0.4,000105,1,0.049450212474030586
ablation_bearguard_only,20240911,False,-2.61,470,10,0.3,-0.02100142553505696,0.4,000105,1,0.049450212474030586
A_old(전체개선전),20240930,False,-0.34,467,10,0.2,-0.010832540176508521,0.4,064850,0,-0.06774412928618412
B_new(전체개선후),20240930,False,-0.34,752,10,0.3,-0.0029352963082062587,0.4,019490,0,-0.005045828223684157
ablation_weight_only,20240930,False,-0.34,467,10,0.2,-0.007109085747587718,0.5,064850,0,-0.06774412928618412
ablation_per_only,20240930,False,-0.34,752,10,0.3,0.009569953339415993,0.3,019490,0,-0.005045828223684157
ablation_bearguard_only,20240930,False,-0.34,467,10,0.2,-0.010832540176508521,0.4,064850,0,-0.06774412928618412
A_old(전체개선전),20241017,False,0.39,483,10,0.3,-0.021097504250212694,0.3,067080,0,-0.1567149052178899
B_new(전체개선후),20241017,False,0.39,755,10,0.0,-0.13926845711724564,0.0,226950,0,-0.00629107750000002
ablation_weight_only,20241017,False,0.39,483,10,0.2,-0.034334947058859686,0.2,067080,0,-0.1567149052178899
ablation_per_only,20241017,False,0.39,755,10,0.0,-0.1542527258775225,0.0,323280,0,-0.349163222838333
ablation_bearguard_only,20241017,False,0.39,483,10,0.3,-0.021097504250212694,0.3,067080,0,-0.1567149052178899
A_old(전체개선전),20241031,False,-0.96,476,10,0.3,-0.015445493426825108,0.4,123330,1,0.010349981010765674
B_new(전체개선후),20241031,False,-0.96,742,10,0.6,0.007124609918217062,0.5,007390,0,-0.00401714403890141
ablation_weight_only,20241031,False,-0.96,476,10,0.4,-0.0057696106292158935,0.5,200710,0,0.032417672959098365
ablation_per_only,20241031,False,-0.96,742,10,0.6,0.015460568311061329,0.5,007390,0,-0.00401714403890141
ablation_bearguard_only,20241031,False,-0.96,476,10,0.3,-0.015445493426825108,0.4,123330,1,0.010349981010765674
A_old(전체개선전),20241114,True,-5.68,520,10,0.2,-0.010012754453519058,0.5,007660,0,-0.04213089803903591
B_new(전체개선후),20241114,True,-5.68,791,2,0.4,-0.02298418663062901,0.0,007660,0,-0.04213089803903591
ablation_weight_only,20241114,True,-5.68,520,10,0.2,-0.009441355346934365,0.5,007660,0,-0.04213089803903591
ablation_per_only,20241114,True,-5.68,791,10,0.3,0.00908055417120609,0.4,304360,1,-0.0038374752222221087
ablation_bearguard_only,20241114,True,-5.68,520,2,0.2,-0.08773178579272284,0.0,007660,0,-0.04213089803903591
A_old(전체개선전),20241128,False,0.97,474,10,0.5,-0.02837673644611092,0.4,417010,1,-0.017484294399249034
B_new(전체개선후),20241128,False,0.97,736,10,0.2,-0.035057035870764676,0.1,417010,1,-0.017484294399249034
ablation_weight_only,20241128,False,0.97,474,10,0.4,-0.03409351425295687,0.3,417010,1,-0.017484294399249034
ablation_per_only,20241128,False,0.97,736,10,0.3,-0.03486826125246621,0.2,417010,1,-0.017484294399249034
ablation_bearguard_only,20241128,False,0.97,474,10,0.5,-0.02837673644611092,0.4,417010,1,-0.017484294399249034
A_old(전체개선전),20241212,False,1.65,542,10,0.5,-0.015567948414947541,0.6,347700,0,-0.09125503741635688
B_new(전체개선후),20241212,False,1.65,832,10,0.6,-0.010526542002225081,0.5,356680,1,0.029160159735135194
ablation_weight_only,20241212,False,1.65,542,10,0.7,0.02664077302917246,0.7,356680,1,0.029160159735135194
ablation_per_only,20241212,False,1.65,832,10,0.4,-0.06275050510992544,0.3,347700,0,-0.09125503741635688
ablation_bearguard_only,20241212,False,1.65,542,10,0.5,-0.015567948414947541,0.6,347700,0,-0.09125503741635688
A_old(전체개선전),20241227,False,-1.28,493,10,0.8,0.08017081635341974,0.8,247540,1,0.06731699083333353
B_new(전체개선후),20241227,False,-1.28,766,10,0.9,0.12639887993653526,1.0,304360,1,0.26804574159509187
ablation_weight_only,20241227,False,-1.28,493,10,0.9,0.10251645381428279,0.9,115500,1,0.10088133602894533
ablation_per_only,20241227,False,-1.28,766,10,0.8,0.0964105792833745,0.9,304360,1,0.26804574159509187
ablation_bearguard_only,20241227,False,-1.28,493,10,0.8,0.08017081635341974,0.8,247540,1,0.06731699083333353
A_old(전체개선전),20250114,False,0.21,486,10,0.1,-0.01869494859978311,0.3,097230,0,-0.0957388567405063
B_new(전체개선후),20250114,False,0.21,767,10,0.2,-0.005580567253720225,0.4,466100,0,-0.02764350062809917
ablation_weight_only,20250114,False,0.21,486,10,0.1,-0.01869494859978311,0.3,277810,0,0.039603109683734816
ablation_per_only,20250114,False,0.21,767,10,0.4,0.029555739187730246,0.6,205500,0,0.008621334706684802
ablation_bearguard_only,20250114,False,0.21,486,10,0.1,-0.01869494859978311,0.3,097230,0,-0.0957388567405063
A_old(전체개선전),20250203,False,-2.54,543,10,0.5,0.036364927118228904,0.5,300080,0,-0.02200838104284708
B_new(전체개선후),20250203,False,-2.54,845,10,0.5,0.021249397663623548,0.4,108490,0,-0.06895763779958297
ablation_weight_only,20250203,False,-2.54,543,10,0.6,0.05693386477542002,0.7,300080,0,-0.02200838104284708
ablation_per_only,20250203,False,-2.54,845,10,0.4,-0.006235238489115192,0.3,062970,1,0.008627719982337467
ablation_bearguard_only,20250203,False,-2.54,543,10,0.5,0.036364927118228904,0.5,300080,0,-0.02200838104284708
A_old(전체개선전),20250217,False,3.54,552,10,0.0,-0.058640336682688796,0.1,277810,0,-0.02870556447368422
B_new(전체개선후),20250217,False,3.54,852,10,0.3,-0.049021103432315284,0.2,177900,1,0.07117222461936645
ablation_weight_only,20250217,False,3.54,552,10,0.0,-0.06114595088331405,0.0,347700,0,-0.045007009545454446
ablation_per_only,20250217,False,3.54,852,10,0.3,-0.04990532998577792,0.2,161580,1,-0.09964577794363261
ablation_bearguard_only,20250217,False,3.54,552,10,0.0,-0.058640336682688796,0.1,277810,0,-0.02870556447368422
A_old(전체개선전),20250304,True,-4.4,549,10,0.4,-0.009324393855963365,0.4,097230,1,0.0714011711696092
B_new(전체개선후),20250304,True,-4.4,850,5,0.4,-0.007472350200743638,0.6,097230,1,0.0714011711696092
ablation_weight_only,20250304,True,-4.4,549,10,0.4,-0.010259537151319076,0.4,097230,1,0.0714011711696092
ablation_per_only,20250304,True,-4.4,850,10,0.5,-0.008105298362887158,0.5,097230,1,0.0714011711696092
ablation_bearguard_only,20250304,True,-4.4,549,5,0.4,-0.011119449228109613,0.4,097230,1,0.0714011711696092
A_old(전체개선전),20250318,False,2.95,495,10,0.1,-0.09740318926832472,0.2,476060,1,0.0565042756956764
B_new(전체개선후),20250318,False,2.95,760,10,0.2,-0.0557383623540282,0.3,476060,1,0.0565042756956764
ablation_weight_only,20250318,False,2.95,495,10,0.1,-0.09347038077836962,0.2,476060,1,0.0565042756956764
ablation_per_only,20250318,False,2.95,760,10,0.2,-0.04734406133078807,0.4,008970,0,0.00422436083333344
ablation_bearguard_only,20250318,False,2.95,495,10,0.1,-0.09740318926832472,0.2,476060,1,0.0565042756956764
A_old(전체개선전),20250401,True,-3.61,477,10,0.2,-0.09245645302815585,0.3,001000,0,-0.132699279655477
B_new(전체개선후),20250401,True,-3.61,731,5,0.2,-0.0306270346434935,0.4,012170,0,-0.036030560216718244
ablation_weight_only,20250401,True,-3.61,477,10,0.2,-0.09998450551906347,0.2,001000,0,-0.132699279655477
ablation_per_only,20250401,True,-3.61,731,10,0.1,-0.08175914284352859,0.2,012170,0,-0.036030560216718244
ablation_bearguard_only,20250401,True,-3.61,477,5,0.2,-0.0959222792402978,0.4,001000,0,-0.132699279655477
A_old(전체개선전),20250415,False,6.13,530,10,0.4,-0.005706789806328949,0.4,052400,1,0.1585191828170731
B_new(전체개선후),20250415,False,6.13,801,10,0.3,-0.011669351876729883,0.4,007390,1,0.20586940412864974
ablation_weight_only,20250415,False,6.13,530,10,0.2,-0.05724549337025715,0.2,052400,1,0.1585191828170731
ablation_per_only,20250415,False,6.13,801,10,0.4,0.034512598984900666,0.5,007390,1,0.20586940412864974
ablation_bearguard_only,20250415,False,6.13,530,10,0.4,-0.005706789806328949,0.4,052400,1,0.1585191828170731
A_old(전체개선전),20250429,False,3.17,515,10,0.2,-0.048341992158471216,0.3,462860,0,-0.18820816066666668
B_new(전체개선후),20250429,False,3.17,791,10,0.4,-0.035833783799817366,0.4,070300,0,-0.45048018214749075
ablation_weight_only,20250429,False,3.17,515,10,0.2,-0.025178365281807624,0.3,039240,0,-0.05960481998882261
ablation_per_only,20250429,False,3.17,791,10,0.4,-0.08021518131187225,0.5,070300,0,-0.45048018214749075
ablation_bearguard_only,20250429,False,3.17,515,10,0.2,-0.048341992158471216,0.3,462860,0,-0.18820816066666668
A_old(전체개선전),20250516,False,1.92,562,10,0.3,-0.023017835136716725,0.5,098120,1,0.11910034743982512
B_new(전체개선후),20250516,False,1.92,858,10,0.2,-0.035483535946770305,0.4,098120,1,0.11910034743982512
ablation_weight_only,20250516,False,1.92,562,10,0.4,-0.014189653254125034,0.5,098120,1,0.11910034743982512
ablation_per_only,20250516,False,1.92,858,10,0.3,-0.017041494740226603,0.5,098120,1,0.11910034743982512
ablation_bearguard_only,20250516,False,1.92,562,10,0.3,-0.023017835136716725,0.5,098120,1,0.11910034743982512
A_old(전체개선전),20250530,False,4.07,539,10,0.2,-0.012184557800743456,0.6,322000,0,-0.016588579287564742
B_new(전체개선후),20250530,False,4.07,812,10,0.2,-0.05510816928395622,0.3,032500,0,-0.09939690473949225
ablation_weight_only,20250530,False,4.07,539,10,0.3,-0.011064504298957601,0.6,138610,0,-0.22695911262376245
ablation_per_only,20250530,False,4.07,812,10,0.2,-0.08807350345417596,0.3,032500,0,-0.09939690473949225
ablation_bearguard_only,20250530,False,4.07,539,10,0.2,-0.012184557800743456,0.6,322000,0,-0.016588579287564742
A_old(전체개선전),20250617,False,2.73,685,10,0.7,0.05695679311450663,0.7,019175,1,0.07014807038461557
B_new(전체개선후),20250617,False,2.73,1025,10,0.6,0.05053922365669811,0.6,019175,1,0.07014807038461557
ablation_weight_only,20250617,False,2.73,685,10,0.8,0.09194792121402529,0.7,019175,1,0.07014807038461557
ablation_per_only,20250617,False,2.73,1025,10,0.6,0.02270559259149597,0.5,019175,1,0.07014807038461557
ablation_bearguard_only,20250617,False,2.73,685,10,0.7,0.05695679311450663,0.7,019175,1,0.07014807038461557
A_old(전체개선전),20250701,False,-0.45,648,10,0.4,-0.008081799852742311,0.6,032820,0,-0.22806302586909866
B_new(전체개선후),20250701,False,-0.45,972,10,0.5,0.012570529559858257,0.6,032820,0,-0.22806302586909866
ablation_weight_only,20250701,False,-0.45,648,10,0.4,0.0024110860917792355,0.6,032820,0,-0.22806302586909866
ablation_per_only,20250701,False,-0.45,972,10,0.5,0.0018090405567571133,0.7,010170,0,0.01380414843528821
ablation_bearguard_only,20250701,False,-0.45,648,10,0.4,-0.008081799852742311,0.6,032820,0,-0.22806302586909866
A_old(전체개선전),20250715,False,3.22,604,10,0.1,-0.038982852026555714,0.3,900110,1,0.08404609727272727
B_new(전체개선후),20250715,False,3.22,892,10,0.3,0.042479999025863455,0.5,050090,0,-0.1623669066850829
ablation_weight_only,20250715,False,3.22,604,10,0.2,-0.008811104391824153,0.5,214370,1,0.21636569351659762
ablation_per_only,20250715,False,3.22,892,10,0.2,-0.03033186686715785,0.3,050090,0,-0.1623669066850829
ablation_bearguard_only,20250715,False,3.22,604,10,0.1,-0.038982852026555714,0.3,900110,1,0.08404609727272727
A_old(전체개선전),20250729,False,1.91,568,10,0.1,-0.032139655030515565,0.4,214370,0,-0.060740881472602704
B_new(전체개선후),20250729,False,1.91,831,10,0.1,-0.08194681523597266,0.2,189330,0,-0.23519711562163614
ablation_weight_only,20250729,False,1.91,568,10,0.3,-0.00957376988334594,0.5,000250,0,-0.17104887720454554
ablation_per_only,20250729,False,1.91,831,10,0.4,-0.045844699766849926,0.3,189330,0,-0.23519711562163614
ablation_bearguard_only,20250729,False,1.91,568,10,0.1,-0.032139655030515565,0.4,214370,0,-0.060740881472602704
A_old(전체개선전),20250812,False,-0.25,550,10,0.4,-0.0037180904016933746,0.5,300080,0,-0.051351863961813904
B_new(전체개선후),20250812,False,-0.25,830,10,0.1,-0.07809621625290043,0.2,127120,0,0.019750133095592926
ablation_weight_only,20250812,False,-0.25,550,10,0.3,-0.017355694992414607,0.4,071970,0,-0.04432191280555553
ablation_per_only,20250812,False,-0.25,830,10,0.2,-0.07216974286872123,0.3,127120,0,0.019750133095592926
ablation_bearguard_only,20250812,False,-0.25,550,10,0.4,-0.0037180904016933746,0.5,300080,0,-0.051351863961813904
A_old(전체개선전),20250827,False,1.82,492,10,0.4,0.02211861269677041,0.4,389470,0,-0.09738978799262377
B_new(전체개선후),20250827,False,1.82,738,10,0.5,0.03641745893938029,0.5,389470,0,-0.09738978799262377
ablation_weight_only,20250827,False,1.82,492,10,0.4,0.027247347026288372,0.5,389470,0,-0.09738978799262377
ablation_per_only,20250827,False,1.82,738,10,0.5,0.034174377363556815,0.5,389470,0,-0.09738978799262377
ablation_bearguard_only,20250827,False,1.82,492,10,0.4,0.02211861269677041,0.4,389470,0,-0.09738978799262377
A_old(전체개선전),20250910,False,4.09,553,10,0.4,0.04163024248910384,0.5,458870,0,-0.0178811149902387
B_new(전체개선후),20250910,False,4.09,840,10,0.3,0.019845716365697097,0.5,010170,0,0.0164556931262263
ablation_weight_only,20250910,False,4.09,553,10,0.3,0.0062103009004660596,0.4,327260,1,0.2336990018962264
ablation_per_only,20250910,False,4.09,840,10,0.3,0.030033165756199742,0.5,010170,0,0.0164556931262263
ablation_bearguard_only,20250910,False,4.09,553,10,0.4,0.04163024248910384,0.5,458870,0,-0.0178811149902387
A_old(전체개선전),20250924,False,1.72,613,10,0.4,0.022510170642936887,0.5,010580,1,0.10602000464987715
B_new(전체개선후),20250924,False,1.72,922,10,0.7,0.09192114248864362,0.7,036710,1,0.28043125982213457
ablation_weight_only,20250924,False,1.72,613,10,0.4,0.01569928973225988,0.4,089030,0,-0.01621163246672208
ablation_per_only,20250924,False,1.72,922,10,0.7,0.09897221329685724,0.7,036710,1,0.28043125982213457
ablation_bearguard_only,20250924,False,1.72,613,10,0.4,0.022510170642936887,0.5,010580,1,0.10602000464987715
A_old(전체개선전),20251015,False,5.83,586,10,0.4,0.02759421903853384,0.5,327260,0,-0.06492768754830291
B_new(전체개선후),20251015,False,5.83,884,10,0.1,-0.04047460205454576,0.3,199430,0,0.03354113669303804
ablation_weight_only,20251015,False,5.83,586,10,0.2,-0.005130728392206629,0.5,327260,0,-0.06492768754830291
ablation_per_only,20251015,False,5.83,884,10,0.2,-0.019551362450202513,0.4,327260,0,-0.06492768754830291
ablation_bearguard_only,20251015,False,5.83,586,10,0.4,0.02759421903853384,0.5,327260,0,-0.06492768754830291
A_old(전체개선전),20251029,False,5.08,616,10,0.5,0.02237257926137113,0.6,010120,1,0.06823709168749992
B_new(전체개선후),20251029,False,5.08,954,10,0.4,0.013615845266448,0.5,000150,0,-0.05795178600917428
ablation_weight_only,20251029,False,5.08,616,10,0.3,-0.011751609123853845,0.4,000150,0,-0.05795178600917428
ablation_per_only,20251029,False,5.08,954,10,0.4,0.006040220483403325,0.5,010120,1,0.06823709168749992
ablation_bearguard_only,20251029,False,5.08,616,10,0.5,0.02237257926137113,0.6,010120,1,0.06823709168749992
A_old(전체개선전),20251112,False,3.65,573,10,0.3,0.002763348638335861,0.3,458870,1,0.26217464875783225
B_new(전체개선후),20251112,False,3.65,889,10,0.6,0.03207340813721675,0.6,323280,0,-0.10335666211538463
ablation_weight_only,20251112,False,3.65,573,10,0.4,0.014560211175962012,0.4,389470,1,0.020438434655854376
ablation_per_only,20251112,False,3.65,889,10,0.5,0.03947348968727995,0.7,323280,0,-0.10335666211538463
ablation_bearguard_only,20251112,False,3.65,573,10,0.3,0.002763348638335861,0.3,458870,1,0.26217464875783225
A_old(전체개선전),20251126,False,0.8,527,10,0.5,0.0710977722123667,0.7,469610,1,0.13741034921896333
B_new(전체개선후),20251126,False,0.8,806,10,0.7,0.11683829647436919,0.8,318060,1,0.2669363615444953
ablation_weight_only,20251126,False,0.8,527,10,0.5,0.06560372057948823,0.7,458870,0,-0.05675921522505012
ablation_per_only,20251126,False,0.8,806,10,0.7,0.11621788876634356,0.8,318060,1,0.2669363615444953
ablation_bearguard_only,20251126,False,0.8,527,10,0.5,0.0710977722123667,0.7,469610,1,0.13741034921896333
A_old(전체개선전),20251210,False,2.45,539,10,0.2,-0.028653541674161287,0.3,094170,0,-0.045494002401372136
B_new(전체개선후),20251210,False,2.45,835,10,0.2,-0.02574059610377155,0.3,000650,1,0.19300047680497912
ablation_weight_only,20251210,False,2.45,539,10,0.1,-0.043576122485533386,0.3,437730,0,-0.07520154549246216
ablation_per_only,20251210,False,2.45,835,10,0.4,-0.005997342341747836,0.4,318060,0,-0.09943687905220411
ablation_bearguard_only,20251210,False,2.45,539,10,0.2,-0.028653541674161287,0.3,094170,0,-0.045494002401372136
A_old(전체개선전),20251224,False,1.29,545,10,0.5,0.03238677609212672,0.6,417840,1,0.03904925356463873
B_new(전체개선후),20251224,False,1.29,830,10,0.5,-0.013421848481775855,0.5,000650,0,-0.1723592805808425
ablation_weight_only,20251224,False,1.29,545,10,0.6,0.03728512764008246,0.7,437730,0,-0.00629107750000002
ablation_per_only,20251224,False,1.29,830,10,0.6,0.03369512797183033,0.6,217330,1,0.13034389934375
ablation_bearguard_only,20251224,False,1.29,545,10,0.5,0.03238677609212672,0.6,417840,1,0.03904925356463873
A_old(전체개선전),20260112,False,3.75,621,10,0.1,-0.04439633655144206,0.2,347700,0,-0.05120155867272724
B_new(전체개선후),20260112,False,3.75,978,10,0.2,-0.04701578124817009,0.3,012205,0,-0.278053534276808
ablation_weight_only,20260112,False,3.75,621,10,0.3,-0.02477694700148154,0.4,347700,0,-0.05120155867272724
ablation_per_only,20260112,False,3.75,978,10,0.2,-0.0477815036245269,0.3,012205,0,-0.278053534276808
ablation_bearguard_only,20260112,False,3.75,621,10,0.1,-0.04439633655144206,0.2,347700,0,-0.05120155867272724
A_old(전체개선전),20260126,False,0.92,722,10,0.7,0.09555943557397427,0.9,327260,0,0.035828452967032964
B_new(전체개선후),20260126,False,0.92,1136,10,0.5,-0.029205123076286588,0.5,140410,1,0.02553358733823541
ablation_weight_only,20260126,False,0.92,722,10,0.8,0.09109346344476721,1.0,327260,0,0.035828452967032964
ablation_per_only,20260126,False,0.92,1136,10,0.5,-0.01605343938215782,0.5,140410,1,0.02553358733823541
ablation_bearguard_only,20260126,False,0.92,722,10,0.7,0.09555943557397427,0.9,327260,0,0.035828452967032964
A_old(전체개선전),20260209,False,7.04,755,10,0.4,0.05170201943260535,0.6,451220,0,0.0058923269137929335
B_new(전체개선후),20260209,False,7.04,1177,10,0.5,0.044567278892340335,0.7,424870,0,0.0015731438332742265
ablation_weight_only,20260209,False,7.04,755,10,0.2,0.008179549527844842,0.7,451220,0,0.0058923269137929335
ablation_per_only,20260209,False,7.04,1177,10,0.3,0.008940163481450668,0.5,488280,0,-0.00629107750000002
ablation_bearguard_only,20260209,False,7.04,755,10,0.4,0.05170201943260535,0.6,451220,0,0.0058923269137929335
A_old(전체개선전),20260226,False,11.1,848,10,0.0,-0.07845761835664093,0.1,000250,0,0.0028977764729194444
B_new(전체개선후),20260226,False,11.1,1320,10,0.3,-0.08511104685178185,0.3,168360,0,-0.26613572442947697
ablation_weight_only,20260226,False,11.1,848,10,0.2,-0.0565528670394964,0.4,000250,0,0.0028977764729194444
ablation_per_only,20260226,False,11.1,1320,10,0.0,-0.09260078510031328,0.1,168360,0,-0.26613572442947697
ablation_bearguard_only,20260226,False,11.1,848,10,0.0,-0.07845761835664093,0.1,000250,0,0.0028977764729194444
A_old(전체개선전),20260313,False,-1.75,700,10,0.5,-0.0003310381789820016,0.6,355150,1,0.062164426050000055
B_new(전체개선후),20260313,False,-1.75,1062,10,0.5,-0.03760375485252017,0.4,357880,1,-0.03734448132812496
ablation_weight_only,20260313,False,-1.75,700,10,0.7,0.038527151545210095,0.7,032820,1,0.1542467647852761
ablation_per_only,20260313,False,-1.75,1062,10,0.4,-0.056312954148706,0.3,089230,1,0.27221478642937225
ablation_bearguard_only,20260313,False,-1.75,700,10,0.5,-0.0003310381789820016,0.6,355150,1,0.062164426050000055
A_old(전체개선전),20260327,True,-5.92,687,10,0.3,-0.043697103045895046,0.2,046970,1,-0.008865452946891117
B_new(전체개선후),20260327,True,-5.92,1057,2,0.2,-0.027674191829094086,0.0,046970,1,-0.008865452946891117
ablation_weight_only,20260327,True,-5.92,687,10,0.3,-0.05659077545743733,0.2,046970,1,-0.008865452946891117
ablation_per_only,20260327,True,-5.92,1057,10,0.3,-0.07386643725202187,0.2,046970,1,-0.008865452946891117
ablation_bearguard_only,20260327,True,-5.92,687,2,0.3,-0.0627154809980715,0.0,046970,1,-0.008865452946891117
A_old(전체개선전),20260410,False,8.96,678,10,0.7,0.06613040941560921,0.8,000250,0,-0.044662016091584156
B_new(전체개선후),20260410,False,8.96,1028,10,0.8,0.06157483673837792,0.5,357580,1,0.1545113777212388
ablation_weight_only,20260410,False,8.96,678,10,0.8,0.09647844073949866,0.7,357580,1,0.1545113777212388
ablation_per_only,20260410,False,8.96,1028,10,0.8,0.07368205157245564,0.6,000250,0,-0.044662016091584156
ablation_bearguard_only,20260410,False,8.96,678,10,0.7,0.06613040941560921,0.8,000250,0,-0.044662016091584156
A_old(전체개선전),20260424,False,4.58,751,10,0.6,0.05436220816846362,0.6,033640,0,-0.0550444734090908
B_new(전체개선후),20260424,False,4.58,1150,10,0.4,-0.0035358119065649896,0.5,147760,1,0.07436711426136378
ablation_weight_only,20260424,False,4.58,751,10,0.4,0.018767982174303165,0.5,078600,0,-0.14382300167532824
ablation_per_only,20260424,False,4.58,1150,10,0.4,0.01979803738088235,0.5,147760,1,0.07436711426136378
ablation_bearguard_only,20260424,False,4.58,751,10,0.6,0.05436220816846362,0.6,033640,0,-0.0550444734090908
A_old(전체개선전),20260512,False,10.18,850,10,0.2,-0.12195432524277239,0.2,356680,1,0.09325243355529844
B_new(전체개선후),20260512,False,10.18,1303,10,0.4,-0.15474399115726362,0.2,012205,1,-0.23591305959163356
ablation_weight_only,20260512,False,10.18,850,10,0.3,-0.14843480403692602,0.2,000500,0,-0.316384641968085
ablation_per_only,20260512,False,10.18,1303,10,0.3,-0.18225573111081952,0.1,012205,1,-0.23591305959163356
ablation_bearguard_only,20260512,False,10.18,850,10,0.2,-0.12195432524277239,0.2,356680,1,0.09325243355529844
A_old(전체개선전),20260527,False,13.16,779,10,0.4,-0.07751664325599908,0.4,036930,1,0.08700473836790401
B_new(전체개선후),20260527,False,13.16,1189,10,0.3,-0.0703805876244615,0.4,166480,0,-0.34030213940837695
ablation_weight_only,20260527,False,13.16,779,10,0.6,-0.013269575504327936,0.7,036930,1,0.08700473836790401
ablation_per_only,20260527,False,13.16,1189,10,0.3,-0.1068508024321421,0.4,166480,0,-0.34030213940837695
ablation_bearguard_only,20260527,False,13.16,779,10,0.4,-0.07751664325599908,0.4,036930,1,0.08700473836790401
A_old(전체개선전),20260611,True,-10.13,609,10,0.5,0.05231161450825779,0.6,009150,1,0.211168769806094
B_new(전체개선후),20260611,True,-10.13,897,2,0.5,0.24054594056999123,1.0,009150,1,0.211168769806094
ablation_weight_only,20260611,True,-10.13,609,10,0.3,0.007520996175366512,0.4,009150,1,0.211168769806094
ablation_per_only,20260611,True,-10.13,897,10,0.5,0.03508100592852714,0.6,009150,1,0.211168769806094
ablation_bearguard_only,20260611,True,-10.13,609,2,0.5,0.1514820597194394,1.0,009150,1,0.211168769806094
